	CARD Sequence ID	RGI v5.2.1 with v3.2.4 symbol	RGI v5.2.1 with v3.2.4 accession	RGI v5.2.1 with v3.2.4 drug class	AMRFinderPlus v3.10.40 with 2022-08-09.1 symbol	AMRFinderPlus v3.10.40 with 2022-08-09.1 accession	AMRFinderPlus v3.10.40 with 2022-08-09.1 drug class
0	OXA-212	OXA-212	AEV91551.1	carbapenem/cephalosporin/penam	OXA-212	WP_063861677.1	carbapenem
1	OXA-329	OXA-329	AGW16411.1	carbapenem/cephalosporin/penam	OXA-329	WP_063862667.1	carbapenem
2	OXA-371	OXA-371	BAO09635.1	carbapenem/cephalosporin/penam	OXA-371	WP_063862738.1	carbapenem
3	OXA-45	OXA-45	CAD58780.1	carbapenem/cephalosporin/penam	OXA-45	WP_032490761.1	cephalosporin
4	OXA-226	OXA-226	ACM67635.1	carbapenem/cephalosporin/penam	OXA-226	WP_063861826.1	cephalosporin
5	OXA-60	OXA-60	AAQ08905.1	carbapenem/cephalosporin/penam	OXA-60	WP_063864500.1	carbapenem
6	OXA-90	OXA-90	CAJ77809.1	carbapenem/cephalosporin/penam	OXA-90	WP_001021781.1	carbapenem
7	OXA-69	OXA-69	CAM86994.1	carbapenem/cephalosporin/penam	OXA-69	WP_001021779.1	carbapenem
8	OXA-256	OXA-256	CCE94500.1	carbapenem/cephalosporin/penam	OXA-256	WP_014454104.1	beta-lactam
9	OXA-330	OXA-330	AGW16412.1	carbapenem/cephalosporin/penam	OXA-330	WP_063862674.1	carbapenem
10	OXA-391	OXA-391	AHN53381.1	carbapenem/cephalosporin/penam	OXA-391	WP_063862755.1	carbapenem
11	OXA-35	OXA-35	AAK49460.1	carbapenem/cephalosporin/penam	OXA-35	WP_063862720.1	cephalosporin
12	OXA-426	OXA-426	AJA32744.1	carbapenem/cephalosporin/penam	OXA-426	WP_038348482.1	carbapenem
13	OXA-61	OXA-61	AAT01092.1	carbapenem/cephalosporin/penam	OXA-61	WP_002872036.1	beta-lactam
14	OXA-229	OXA-229	AFM55000.1	carbapenem/cephalosporin/penam	OXA-229	WP_063861840.1	carbapenem
15	OXA-98	OXA-98	CAK50801.1	carbapenem/cephalosporin/penam	OXA-98	WP_001021777.1	carbapenem
16	OXA-27	OXA-27	AAG35609.2	carbapenem/cephalosporin/penam	OXA-27	WP_063862443.1	carbapenem
17	OXA-236	OXA-236	AFH36332.1	carbapenem/cephalosporin/penam	OXA-236	WP_063862170.1	carbapenem
18	OXA-376	OXA-376	AHL30276.1	carbapenem/cephalosporin/penam	OXA-376	WP_063862742.1	carbapenem
19	OXA-232	OXA-232	AGD91915.1	carbapenem/cephalosporin/penam	OXA-232	WP_043907054.1	carbapenem
20	OXA-12	OXA-12	AAA83417.1	carbapenem/cephalosporin/penam	OXA-12	WP_063861029.1	beta-lactam
21	OXA-348	OXA-348	AGW83446.1	carbapenem/cephalosporin/penam	OXA-348	WP_063862718.1	carbapenem
22	OXA-195	OXA-195	AEB98921.1	carbapenem/cephalosporin/penam	OXA-195	WP_063861482.1	carbapenem
23	OXA-199	OXA-199	AFC95894.1	carbapenem/cephalosporin/penam	OXA-199	WP_063861505.1	carbapenem
24	OXA-21	OXA-21	CAA71699.2	carbapenem/cephalosporin/penam	OXA-21	WP_014386432.1	beta-lactam
25	OXA-113	OXA-113	ABW70410.1	carbapenem/cephalosporin/penam	OXA-113	WP_001021786.1	carbapenem
26	OXA-422	OXA-422	AIY30331.1	carbapenem/cephalosporin/penam	OXA-422	WP_063862828.1	carbapenem
27	OXA-178	OXA-178	ADI58622.1	carbapenem/cephalosporin/penam	OXA-178	WP_063861221.1	carbapenem
28	OXA-181	OXA-181	AEP16366.1	carbapenem/cephalosporin/penam	OXA-181	WP_015060052.1	carbapenem
29	OXA-83	OXA-83	ABC26007.1	carbapenem/cephalosporin/penam	OXA-83	WP_057046497.1	carbapenem
30	OXA-9	OXA-9	AAA98406.1	carbapenem/cephalosporin/penam	OXA-9	WP_000722315.1	beta-lactam
31	OXA-150	OXA-150	ACX31142.1	carbapenem/cephalosporin/penam	OXA-150	WP_063861049.1	carbapenem
32	OXA-208	OXA-208	CCA94644.1	carbapenem/cephalosporin/penam	OXA-208	WP_001021780.1	carbapenem
33	OXA-43	OXA-43	CAD32565.1	carbapenem/cephalosporin/penam	OXA-43	WP_063862921.1	beta-lactam
34	OXA-174	OXA-174	ADI58618.1	carbapenem/cephalosporin/penam	OXA-174	WP_063861185.1	carbapenem
35	OXA-85	OXA-85	AAP69916.1	carbapenem/cephalosporin/penam	OXA	WP_032835180.1	beta-lactam
36	OXA-145	OXA-145	ACN85419.1	carbapenem/cephalosporin/penam	OXA-145	WP_063861043.1	cephalosporin
37	OXA-167	OXA-167	ADK35871.1	carbapenem/cephalosporin/penam	OXA-167	WP_063861133.1	carbapenem
38	OXA-143	OXA-143	ACX70402.1	carbapenem/cephalosporin/penam	OXA-143	WP_063861042.1	carbapenem
39	OXA-358	OXA-358	AGZ83154.1	carbapenem/cephalosporin/penam	OXA-358	WP_063862729.1	carbapenem
40	OXA-366	OXA-366	AJO16038.1	carbapenem/cephalosporin/penam	OXA-366	WP_063862736.1	carbapenem
41	OXA-225	OXA-225	AEP43731.1	carbapenem/cephalosporin/penam	OXA-225	WP_063861820.1	carbapenem
42	OXA-31	OXA-31	AAK52604.1	carbapenem/cephalosporin/penam	OXA-31	WP_032490053.1	cephalosporin
43	OXA-278	OXA-278	AGI65307.1	carbapenem/cephalosporin/penam	OXA-278	WP_005220450.1	carbapenem
44	OXA-148	OXA-148	ACX31140.1	carbapenem/cephalosporin/penam	OXA-148	WP_063861046.1	carbapenem
45	OXA-46	OXA-46	AFP97030.1	carbapenem/cephalosporin/penam	OXA-46	WP_063864090.1	beta-lactam
46	OXA-130	OXA-130	ACD84988.1	carbapenem/cephalosporin/penam	OXA-130	WP_063861036.1	carbapenem
47	OXA-357	OXA-357	AGZ83153.1	carbapenem/cephalosporin/penam	OXA-357	WP_063862728.1	carbapenem
48	OXA-217	OXA-217	AEO44980.1	carbapenem/cephalosporin/penam	OXA-217	WP_031978611.1	carbapenem
49	OXA-202	OXA-202	ADX07747.1	carbapenem/cephalosporin/penam	OXA-202	WP_063861560.1	carbapenem
50	OXA-352	OXA-352	AGW83450.1	carbapenem/cephalosporin/penam	OXA-352	WP_063862723.1	carbapenem
51	OXA-380	OXA-380	AHL30280.1	carbapenem/cephalosporin/penam	OXA-380	WP_063862745.1	carbapenem
52	OXA-117	OXA-117	ACV49885.1	carbapenem/cephalosporin/penam	OXA-117	WP_002057397.1	carbapenem
53	OXA-144	OXA-144	ACY56711.1	carbapenem/cephalosporin/penam	OXA-144	WP_049581961.1	carbapenem
54	OXA-377	OXA-377	AHL30277.1	carbapenem/cephalosporin/penam	OXA-377	WP_063862743.1	carbapenem
55	OXA-204	OXA-204	AFU91598.1	carbapenem/cephalosporin/penam	OXA-204	WP_032495449.1	carbapenem
56	OXA-325	OXA-325	AGW16407.1	carbapenem/cephalosporin/penam	OXA-325	WP_063862646.1	carbapenem
57	OXA-87	OXA-87	ABC84263.1	carbapenem/cephalosporin/penam	OXA-87	WP_032491656.1	carbapenem
58	OXA-54	OXA-54	AAR89917.1	carbapenem/cephalosporin/penam	OXA-54	WP_011071128.1	carbapenem
59	OXA-51	OXA-51	CAC83905.2	carbapenem/cephalosporin/monobactam/penam	OXA-51	WP_002033109.1	carbapenem
60	OXA-93	OXA-93	ABF47916.1	carbapenem/cephalosporin/penam	OXA-93	WP_063864542.1	carbapenem
61	OXA-13	OXA-13	AAC46344.1	carbapenem/cephalosporin/penam	OXA-13	WP_063861035.1	beta-lactam
62	OXA-4	OXA-4	AET05998.1	carbapenem/cephalosporin/penam	OXA-4	WP_032491311.1	beta-lactam
63	OXA-106	OXA-106	ABV31686.1	carbapenem/cephalosporin/penam	OXA-106	WP_031963705.1	carbapenem
64	OXA-79	OXA-79	ABV71246.1	carbapenem/cephalosporin/penam	OXA-79	WP_063864535.1	carbapenem
65	OXA-164	OXA-164	ADK34116.1	carbapenem/cephalosporin/penam	OXA-164	WP_063861121.1	carbapenem
66	OXA-386	OXA-386	AHL30273.1	carbapenem/cephalosporin/penam	OXA-386	WP_063862750.1	carbapenem
67	OXA-75	OXA-75	CAP01453.1	carbapenem/cephalosporin/penam	OXA-75	WP_001025292.1	carbapenem
68	OXA-120	OXA-120	CCJ32595.1	carbapenem/cephalosporin/penam	OXA-120	WP_004738885.1	carbapenem
69	OXA-163	OXA-163	ADY06444.1	carbapenem/cephalosporin/penam	OXA-163	WP_063131934.1	cephalosporin
70	OXA-133	OXA-133	ACE63186.1	carbapenem/cephalosporin/penam	OXA-133	WP_063861038.1	carbapenem
71	OXA-77	OXA-77	AAX51233.1	carbapenem/cephalosporin/penam	OXA-77	WP_063864534.1	carbapenem
72	OXA-32	OXA-32	AAK58418.1	carbapenem/cephalosporin/penam	OXA-32	WP_063862613.1	cephalosporin
73	OXA-228	OXA-228	AFM55001.1	carbapenem/cephalosporin/penam	OXA-228	WP_063861837.1	carbapenem
74	OXA-137	OXA-137	ABW76138.1	carbapenem/cephalosporin/penam	OXA-137	WP_014932145.1	beta-lactam
75	OXA-136	OXA-136	ABW76134.1	carbapenem/cephalosporin/penam	OXA-136	WP_013244277.1	beta-lactam
76	OXA-385	OXA-385	AHL30272.1	carbapenem/cephalosporin/penam	OXA-385	WP_063862749.1	carbapenem
77	OXA-96	OXA-96	ABF47919.1	carbapenem/cephalosporin/penam	OXA-96	WP_063864543.1	carbapenem
78	OXA-361	OXA-361	AHA11124.1	carbapenem/cephalosporin/penam	OXA-361	WP_063862731.1	carbapenem
79	OXA-328	OXA-328	AGW16410.1	carbapenem/cephalosporin/penam	OXA-328	WP_063862662.1	carbapenem
80	OXA-211	OXA-211	AEV91550.1	carbapenem/cephalosporin/penam	OXA-211	WP_063861666.1	carbapenem
81	OXA-147	OXA-147	ACO72579.1	carbapenem/cephalosporin/penam	OXA-147	WP_063861045.1	cephalosporin
82	OXA-320	OXA-320	AGR55864.1	carbapenem/cephalosporin/penam	OXA-320	WP_063862622.1	beta-lactam
83	OXA-68	OXA-68	AAW81339.1	carbapenem/cephalosporin/penam	OXA-68	WP_001021775.1	carbapenem
84	OXA-355	OXA-355	AGW83453.1	carbapenem/cephalosporin/penam	OXA-355	WP_063862726.1	carbapenem
85	OXA-332	OXA-332	AGW16414.1	carbapenem/cephalosporin/penam	OXA-332	WP_063862690.1	carbapenem
86	OXA-349	OXA-349	AGW83447.1	carbapenem/cephalosporin/penam	OXA-349	WP_063862719.1	carbapenem
87	OXA-115	OXA-115	ABS71123.1	carbapenem/cephalosporin/penam	OXA-115	WP_063861004.1	carbapenem
88	OXA-243	OXA-243	AFQ90085.1	carbapenem/cephalosporin/penam	OXA-243	WP_006391197.1	beta-lactam
89	OXA-219	OXA-219	AEL17179.1	carbapenem/cephalosporin/penam	OXA-219	WP_063861765.1	carbapenem
90	OXA-15	OXA-15	AAB05874.1	carbapenem/cephalosporin/penam	OXA-15	WP_063861048.1	cephalosporin
91	OXA-25	OXA-25	AAG35607.1	carbapenem/cephalosporin/penam	OXA-25	WP_063862416.1	carbapenem
92	OXA-171	OXA-171	ADK35875.1	carbapenem/cephalosporin/penam	OXA-171	WP_063861157.1	carbapenem
93	OXA-239	OXA-239	AFN65709.1	carbapenem/cephalosporin/penam	OXA-239	WP_063862190.1	carbapenem
94	OXA-162	OXA-162	ADG27454.1	carbapenem/cephalosporin/penam	OXA-162	WP_060613455.1	carbapenem
95	OXA-347	OXA-347	AET35493.1	carbapenem/cephalosporin/penam	OXA-347	WP_004295324.1	beta-lactam
96	OXA-22	OXA-22	AAD12233.1	carbapenem/cephalosporin/penam	OXA-22	WP_063861776.1	beta-lactam
97	OXA-28	OXA-28	AAF72942.1	carbapenem/cephalosporin/penam	OXA-28	WP_032489753.1	cephalosporin
98	OXA-237	OXA-237	AFH36331.1	carbapenem/cephalosporin/penam	OXA-237	WP_000854010.1	carbapenem
99	OXA-198	OXA-198	ADT70779.1	carbapenem/cephalosporin/penam	OXA	WP_094865115.1	carbapenem
100	OXA-207	OXA-207	AFK28473.1	carbapenem/cephalosporin/penam	OXA-207	WP_057689930.1	carbapenem
101	OXA-350	OXA-350	AGW83448.1	carbapenem/cephalosporin/penam	OXA-350	WP_063862721.1	carbapenem
102	OXA-63	OXA-63	AAU88145.1	carbapenem/cephalosporin/penam	OXA-63	WP_063864528.1	beta-lactam
103	OXA-324	OXA-324	AGW16406.1	carbapenem/cephalosporin/penam	OXA-324	WP_063862643.1	carbapenem
104	OXA-216	OXA-216	CCA94649.1	carbapenem/cephalosporin/penam	OXA-216	WP_063861733.1	carbapenem
105	OXA-3	OXA-3	AAC41449.1	carbapenem/cephalosporin/penam	OXA-3	WP_063862540.1	beta-lactam
106	OXA-138	OXA-138	ACD45467.1	carbapenem/cephalosporin/penam	OXA-138	WP_063861039.1	carbapenem
107	OXA-26	OXA-26	AAG35608.1	carbapenem/cephalosporin/penam	OXA-26	WP_063862442.1	carbapenem
108	OXA-160	OXA-160	ADB28891.1	carbapenem/cephalosporin/penam	OXA-160	WP_063861093.1	carbapenem
109	OXA-215	OXA-215	AEV91554.1	carbapenem/cephalosporin/penam	OXA-215	WP_063861712.1	carbapenem
110	OXA-244	OXA-244	AGC60012.1	carbapenem/cephalosporin/penam	OXA-244	WP_032495517.1	carbapenem
111	OXA-175	OXA-175	ADI58619.1	carbapenem/cephalosporin/penam	OXA-175	WP_063861191.1	carbapenem
112	OXA-383	OXA-383	AHL30281.1	carbapenem/cephalosporin/penam	OXA-383	WP_024438993.1	carbapenem
113	OXA-94	OXA-94	ABF47917.1	carbapenem/cephalosporin/penam	OXA-94	WP_029424390.1	carbapenem
114	OXA-92	OXA-92	ABC61637.1	carbapenem/cephalosporin/penam	OXA-92	WP_059262713.1	carbapenem
115	OXA-5	OXA-5	CAA41211.1	carbapenem/cephalosporin/penam	OXA-5	WP_032488483.1	beta-lactam
116	OXA-36	OXA-36	AAG24866.1	carbapenem/cephalosporin/penam	OXA	WP_240067729.1	beta-lactam
117	OXA-381	OXA-381	AHL30285.1	carbapenem/cephalosporin/penam	OXA-381	WP_063862746.1	carbapenem
118	OXA-316	OXA-316	AGU69254.1	carbapenem/cephalosporin/penam	OXA-316	WP_063862605.1	carbapenem
119	OXA-314	OXA-314	AGU69252.1	carbapenem/cephalosporin/penam	OXA-314	WP_031976872.1	carbapenem
120	OXA-242	OXA-242	AFO55202.1	carbapenem/cephalosporin/penam	OXA-242	WP_001022756.1	carbapenem
121	OXA-104	OXA-104	ABQ52429.1	carbapenem/cephalosporin/penam	OXA-104	WP_024433915.1	carbapenem
122	OXA-100	OXA-100	CAJ77817.2	carbapenem/cephalosporin/penam	OXA-100	WP_001021795.1	carbapenem
123	OXA-418	OXA-418	AIN56719.1	carbapenem/cephalosporin/penam	OXA-418	WP_063862796.1	carbapenem
124	OXA-64	OXA-64	AAW81336.1	carbapenem/cephalosporin/penam	OXA-64	WP_001021788.1	carbapenem
125	OXA-356	OXA-356	AGW83454.1	carbapenem/cephalosporin/penam	OXA-356	WP_063862727.1	carbapenem
126	OXA-129	OXA-129	CAP69660.1	carbapenem/cephalosporin/penam	OXA-129	WP_032492122.1	beta-lactam
127	OXA-333	OXA-333	AGW16415.1	carbapenem/cephalosporin/penam	OXA-333	WP_063862693.1	carbapenem
128	OXA-378	OXA-378	AHL30278.1	carbapenem/cephalosporin/penam	OXA-378	WP_032058439.1	carbapenem
129	OXA-112	OXA-112	ABV31692.1	carbapenem/cephalosporin/penam	OXA-112	WP_063860941.1	carbapenem
130	OXA-134	OXA-134	ADM47435.1	carbapenem/cephalosporin/penam	OXA-134	WP_005104969.1	carbapenem
131	OXA-86	OXA-86	AAZ78361.1	carbapenem/cephalosporin/penam	OXA-86	WP_063864539.1	carbapenem
132	OXA-18	OXA-18	AAB58555.1	carbapenem/cephalosporin/penam	OXA-18	WP_063861237.1	cephalosporin
133	OXA-255	OXA-255	AGK07369.1	carbapenem/cephalosporin/penam	OXA-255	WP_063862440.1	carbapenem
134	OXA-241	OXA-241	AFO55201.1	carbapenem/cephalosporin/penam	OXA-241	WP_057066208.1	carbapenem
135	OXA-365	OXA-365	AHI63011.1	carbapenem/cephalosporin/penam	OXA-365	WP_063862735.1	carbapenem
136	OXA-95	OXA-95	ABF47918.1	carbapenem/cephalosporin/penam	OXA-95	WP_031960432.1	carbapenem
137	OXA-206	OXA-206	BAL15076.1	carbapenem/cephalosporin/penam	OXA-206	WP_063861592.1	carbapenem
138	OXA-384	OXA-384	AHL30282.1	carbapenem/cephalosporin/penam	OXA-384	WP_063862748.1	carbapenem
139	OXA-37	OXA-37	AAG33665.1	carbapenem/cephalosporin/penam	OXA-37	WP_063862737.1	beta-lactam
140	OXA-420	OXA-420	BAP28835.1	carbapenem/cephalosporin/penam	OXA-420	WP_063862810.1	carbapenem
141	OXA-161	OXA-161	ACT09125.1	carbapenem/cephalosporin/penam	OXA-161	WP_063861101.1	cephalosporin
142	OXA-323	OXA-323	AGW16405.1	carbapenem/cephalosporin/penam	OXA-323	WP_063862638.1	carbapenem
143	OXA-253	OXA-253	AGK07368.1	carbapenem/cephalosporin/penam	OXA-253	WP_032495764.1	carbapenem
144	OXA-48	OXA-48	AAP70012.1	carbapenem/cephalosporin/penam	OXA-48	WP_015059991.1	carbapenem
145	OXA-245	OXA-245	AGC60013.1	carbapenem/cephalosporin/penam	OXA-245	WP_032495518.1	carbapenem
146	OXA-58	OXA-58	ACC58995.1	carbapenem/cephalosporin/penam	OXA-58	WP_002002480.1	carbapenem
147	OXA-435	OXA-435	AJT57878.1	carbapenem/cephalosporin/penam	OXA-435	WP_063864078.1	carbapenem
148	OXA-2	OXA-2	AAB59082.1	carbapenem/cephalosporin/penam	OXA-2	WP_001007673.1	beta-lactam
149	OXA-180	OXA-180	ADM26745.1	carbapenem/cephalosporin/penam	OXA-180	WP_001021783.1	carbapenem
150	OXA-184	OXA-184	AFO09968.1	carbapenem/cephalosporin/penam	OXA-184	WP_002872405.1	beta-lactam
151	OXA-23	OXA-23	AAV65289.1	carbapenem/cephalosporin/penam	OXA-23	WP_001046004.1	carbapenem
152	OXA-88	OXA-88	ABD48715.1	carbapenem/cephalosporin/penam	OXA-88	WP_063864540.1	carbapenem
153	OXA-169	OXA-169	ADK35873.1	carbapenem/cephalosporin/penam	OXA-169	WP_063861140.1	carbapenem
154	OXA-7	OXA-7	CAA53242.1	carbapenem/cephalosporin/penam	OXA-7	WP_063864530.1	beta-lactam
155	OXA-363	OXA-363	AHA11126.1	carbapenem/cephalosporin/penam	OXA-363	WP_063862733.1	carbapenem
156	OXA-240	OXA-240	AFN20670.1	carbapenem/cephalosporin/penam	OXA-240	WP_063862274.1	beta-lactam
157	OXA-360	OXA-360	AGZ83156.1	carbapenem/cephalosporin/penam	OXA-360	WP_048880934.1	carbapenem
158	OXA-194	OXA-194	AEB98920.1	carbapenem/cephalosporin/penam	OXA-194	WP_063861475.1	carbapenem
159	OXA-182	OXA-182	ADK92148.1	carbapenem/cephalosporin/penam	OXA-182	WP_063861266.1	carbapenem
160	OXA-176	OXA-176	ADI58620.1	carbapenem/cephalosporin/penam	OXA-176	WP_063861208.1	carbapenem
161	OXA-327	OXA-327	AGW16409.1	carbapenem/cephalosporin/penam	OXA-327	WP_063862656.1	carbapenem
162	OXA-248	OXA-248	CCJ32596.1	carbapenem/cephalosporin/penam	OXA-248	WP_063862402.1	carbapenem
163	OXA-354	OXA-354	AGW83452.1	carbapenem/cephalosporin/penam	OXA-354	WP_063862725.1	carbapenem
164	OXA-16	OXA-16	AAB97924.1	carbapenem/cephalosporin/penam	OXA	WP_064056056.1	beta-lactam
165	OXA-71	OXA-71	AAW81342.1	carbapenem/cephalosporin/penam	OXA-71	WP_001021785.1	carbapenem
166	OXA-141	OXA-141	ABQ15112.1	carbapenem/cephalosporin/penam	OXA-141	WP_058177653.1	cephalosporin
167	OXA-139	OXA-139	CAQ51348.1	carbapenem/cephalosporin/penam	OXA-139	WP_063861040.1	carbapenem
168	OXA-231	OXA-231	AFG29918.1	carbapenem/cephalosporin/penam	OXA-231	WP_063862128.1	carbapenem
169	OXA-397	OXA-397	AIT76118.1	carbapenem/cephalosporin/penam	OXA-397	WP_063862756.1	carbapenem
170	OXA-119	OXA-119	AAN41427.1	carbapenem/cephalosporin/penam	OXA-119	WP_032490445.1	beta-lactam
171	OXA-55	OXA-55	AAR03105.1	carbapenem/cephalosporin/penam	OXA-55	WP_063864256.1	carbapenem
172	OXA-192	OXA-192	ADZ54048.1	carbapenem/cephalosporin/penam	OXA-192	WP_063861316.1	beta-lactam
173	OXA-210	OXA-210	AEE61368.1	carbapenem/cephalosporin/penam	OXA-210	WP_063861649.1	beta-lactam
174	OXA-110	OXA-110	ABV31690.1	carbapenem/cephalosporin/penam	OXA-110	WP_063860940.1	carbapenem
175	OXA-82	OXA-82	ABV71248.1	carbapenem/cephalosporin/penam	OXA-82	WP_001021793.1	carbapenem
176	OXA-197	OXA-197	AEB98923.1	carbapenem/cephalosporin/penam	OXA-197	WP_063861490.1	carbapenem
177	OXA-111	OXA-111	ABV31691.1	carbapenem/cephalosporin/penam	OXA-111	WP_049068184.1	carbapenem
178	OXA-214	OXA-214	AEV91553.1	carbapenem/cephalosporin/penam	OXA-214	WP_008942158.1	carbapenem
179	OXA-65	OXA-65	AAW81337.1	carbapenem/cephalosporin/penam	OXA-65	WP_001021782.1	carbapenem
180	OXA-170	OXA-170	ADK35874.1	carbapenem/cephalosporin/penam	OXA-170	WP_063861151.1	carbapenem
181	OXA-53	OXA-53	AAP43641.1	carbapenem/cephalosporin/penam	OXA-53	WP_063864223.1	cephalosporin
182	OXA-166	OXA-166	ADK35870.1	carbapenem/cephalosporin/penam	OXA-166	WP_063861129.1	carbapenem
183	OXA-425	OXA-425	AJA32743.1	carbapenem/cephalosporin/penam	OXA-425	WP_038348957.1	carbapenem
184	OXA-251	OXA-251	AER57903.1	carbapenem/cephalosporin/penam	OXA-251	WP_063862430.1	beta-lactam
185	OXA-233	OXA-233	AID67109.1	carbapenem/cephalosporin/penam	OXA-233	WP_063862149.1	carbapenem
186	OXA-223	OXA-223	AEL88491.1	carbapenem/cephalosporin/penam	OXA-223	WP_001022758.1	carbapenem
187	OXA-313	OXA-313	AGU69251.1	carbapenem/cephalosporin/penam	OXA-313	WP_063862598.1	carbapenem
188	OXA-382	OXA-382	AHL30286.1	carbapenem/cephalosporin/penam	OXA-382	WP_063862747.1	carbapenem
189	OXA-99	OXA-99	ABI53716.1	carbapenem/cephalosporin/penam	OXA-99	WP_017816859.1	carbapenem
190	OXA-257	OXA-257	AGK07370.1	carbapenem/cephalosporin/penam	OXA-257	WP_063862441.1	carbapenem
191	OXA-11	OXA-11	CAA80304.1	carbapenem/cephalosporin/penam	OXA-11	WP_063860939.1	cephalosporin
192	OXA-108	OXA-108	ABV31688.1	carbapenem/cephalosporin/penam	OXA-108	WP_063860938.1	carbapenem
193	OXA-315	OXA-315	AGU69253.1	carbapenem/cephalosporin/penam	OXA-315	WP_063862603.1	carbapenem
194	OXA-390	OXA-390	AHL30283.1	carbapenem/cephalosporin/penam	OXA-390	WP_063862754.1	carbapenem
195	OXA-388	OXA-388	AHL30284.1	carbapenem/cephalosporin/penam	OXA-388	WP_063862752.1	carbapenem
196	OXA-121	OXA-121	AGU69248.1	carbapenem/cephalosporin/penam	OXA-121	WP_057094079.1	carbapenem
197	OXA-19	OXA-19	AAD02245.1	carbapenem/cephalosporin/penam	OXA-19	WP_063861309.1	cephalosporin
198	OXA-62	OXA-62	AAR32134.1	carbapenem/cephalosporin/penam	OXA-62	WP_063864527.1	carbapenem
199	OXA-172	OXA-172	ADI58616.1	carbapenem/cephalosporin/penam	OXA-172	WP_039099030.1	carbapenem
200	OXA-89	OXA-89	ABE03012.1	carbapenem/cephalosporin/penam	OXA-89	WP_063864541.1	carbapenem
201	OXA-131	OXA-131	ACD84989.1	carbapenem/cephalosporin/penam	OXA-131	WP_063861037.1	carbapenem
202	OXA-454	OXA-454	BAR45714.1	carbapenem/cephalosporin/penam	OXA-454	WP_063864086.1	beta-lactam
203	OXA-59	OXA-59	CAG15145.1	carbapenem/cephalosporin/penam	OXA-59	WP_004524931.1	beta-lactam
204	OXA-224	OXA-224	AEQ73521.1	carbapenem/cephalosporin/penam	OXA-224	WP_063861812.1	beta-lactam
205	OXA-209	OXA-209	AEM66528.1	carbapenem/cephalosporin/penam	OXA-209	WP_014053563.1	beta-lactam
206	OXA-423	OXA-423	AIY30332.1	carbapenem/cephalosporin/penam	OXA-423	WP_063862833.1	carbapenem
207	OXA-33	OXA-33	AAG23871.1	carbapenem/cephalosporin/penam	OXA	WP_032491311.1	beta-lactam
208	OXA-67	OXA-67	ABF50983.1	carbapenem/cephalosporin/penam	OXA-67	WP_063864529.1	carbapenem
209	OXA-249	OXA-249	CCJ32597.1	carbapenem/cephalosporin/penam	OXA-249	WP_063862408.1	carbapenem
210	OXA-421	OXA-421	AIZ00987.1	carbapenem/cephalosporin/penam	OXA-421	WP_017386798.1	carbapenem
211	OXA-78	OXA-78	AAW81358.1	carbapenem/cephalosporin/penam	OXA-78	WP_005139262.1	carbapenem
212	OXA-183	OXA-183	ADV41666.1	carbapenem/cephalosporin/penam	OXA-183	WP_063861272.1	beta-lactam
213	OXA-205	OXA-205	AEO92079.1	carbapenem/cephalosporin/penam	OXA-205	WP_063861588.1	beta-lactam
214	OXA-91	OXA-91	ABF47914.1	carbapenem/cephalosporin/penam	OXA-91	WP_001021776.1	carbapenem
215	OXA-17	OXA-17	ABI63579.1	carbapenem/cephalosporin/penam	OXA-17	WP_032491804.1	cephalosporin
216	OXA-10	OXA-10	AAG45720.1	carbapenem/cephalosporin/penam	OXA-10	WP_000846390.1	cephalosporin
217	OXA-24	OXA-24	AAM34291.1	carbapenem/cephalosporin/monobactam/penam	OXA-24	WP_012754353.1	carbapenem
218	OXA-101	OXA-101	CAL85435.1	carbapenem/cephalosporin/penam	OXA-101	WP_063860937.1	cephalosporin
219	OXA-74	OXA-74	CAH69530.1	carbapenem/cephalosporin/penam	OXA-74	WP_063864532.1	beta-lactam
220	OXA-362	OXA-362	AHA11125.1	carbapenem/cephalosporin/penam	OXA-362	WP_063862732.1	carbapenem
221	OXA-179	OXA-179	ADM26744.1	carbapenem/cephalosporin/penam	OXA-179	WP_063861229.1	carbapenem
222	OXA-203	OXA-203	ADX07748.1	carbapenem/cephalosporin/penam	OXA-203	WP_063861567.1	carbapenem
223	OXA-258	OXA-258	CCE73593.2	carbapenem/cephalosporin/penam	OXA-258	WP_063569909.1	beta-lactam
224	OXA-375	OXA-375	AHL30275.1	carbapenem/cephalosporin/penam	OXA-375	WP_063862741.1	carbapenem
225	OXA-49	OXA-49	AAP40270.1	carbapenem/cephalosporin/penam	OXA-49	WP_063864111.1	carbapenem
226	OXA-34	OXA-34	AAK15582.1	carbapenem/cephalosporin/penam	OXA	WP_001007673.1	beta-lactam
227	OXA-317	OXA-317	AGU69255.1	carbapenem/cephalosporin/penam	OXA-317	WP_001021778.1	carbapenem
228	OXA-353	OXA-353	AGW83451.1	carbapenem/cephalosporin/penam	OXA-353	WP_063862724.1	carbapenem
229	OXA-142	OXA-142	ABY79006.1	carbapenem/cephalosporin/penam	OXA-142	WP_063861041.1	cephalosporin
230	OXA-73	OXA-73	AAW22056.1	carbapenem/cephalosporin/penam	OXA-73	WP_063864531.1	carbapenem
231	OXA-398	OXA-398	AIT76095.1	carbapenem/cephalosporin/penam	OXA-398	WP_063862757.1	carbapenem
232	OXA-230	OXA-230	AFM55002.1	carbapenem/cephalosporin/penam	OXA-230	WP_063862119.1	carbapenem
233	OXA-42	OXA-42	CAD32564.1	carbapenem/cephalosporin/penam	OXA-42	WP_063862802.1	beta-lactam
234	OXA-235	OXA-235	AFH36330.1	carbapenem/cephalosporin/penam	OXA-235	WP_000854009.1	carbapenem
235	OXA-415	OXA-415	AIG94927.1	carbapenem/cephalosporin/penam	OXA-415	WP_034033256.1	beta-lactam
236	OXA-359	OXA-359	AGZ83155.1	carbapenem/cephalosporin/penam	OXA-359	WP_063862730.1	carbapenem
237	OXA-338	OXA-338	AHN07454.1	carbapenem/cephalosporin/penam	OXA-338	WP_063862710.1	carbapenem
238	OXA-254	OXA-254	BAN10684.1	carbapenem/cephalosporin/penam	OXA-254	WP_033841866.1	carbapenem
239	OXA-326	OXA-326	AGW16408.1	carbapenem/cephalosporin/penam	OXA-326	WP_063862651.1	carbapenem
240	OXA-351	OXA-351	AGW83449.1	carbapenem/cephalosporin/penam	OXA-351	WP_063862722.1	carbapenem
241	OXA-97	OXA-97	ABO33299.1	carbapenem/cephalosporin/penam	OXA-97	WP_063864544.1	carbapenem
242	OXA-56	OXA-56	AAR32651.1	carbapenem/cephalosporin/penam	OXA-56	WP_063864264.1	beta-lactam
243	OXA-177	OXA-177	ADI58621.1	carbapenem/cephalosporin/penam	OXA-177	WP_063861213.1	carbapenem
244	OXA-146	OXA-146	ACI28281.1	carbapenem/cephalosporin/penam	OXA-146	WP_063861044.1	carbapenem
245	OXA-334	OXA-334	AGW16416.1	carbapenem/cephalosporin/penam	OXA-334	WP_063862698.1	carbapenem
246	OXA-168	OXA-168	ADK35872.1	carbapenem/cephalosporin/penam	OXA-168	WP_063861136.1	carbapenem
247	OXA-107	OXA-107	ABV31687.1	carbapenem/cephalosporin/penam	OXA-107	WP_046661070.1	carbapenem
248	OXA-14	OXA-14	AHX74209.1	carbapenem/cephalosporin/penam	OXA-14	WP_064056056.1	cephalosporin
249	OXA-70	OXA-70	AAW81341.1	carbapenem/cephalosporin/penam	OXA-70	WP_032000166.1	carbapenem
250	OXA-374	OXA-374	AHL30274.1	carbapenem/cephalosporin/penam	OXA-374	WP_032051604.1	carbapenem
251	OXA-201	OXA-201	ADX07746.1	carbapenem/cephalosporin/penam	OXA-201	WP_063861553.1	carbapenem
252	OXA-76	OXA-76	AAX51234.1	carbapenem/cephalosporin/penam	OXA-76	WP_063864533.1	carbapenem
253	OXA-128	OXA-128	ABY77907.1	carbapenem/cephalosporin/penam	OXA-128	WP_005120067.1	carbapenem
254	OXA-312	OXA-312	AGU69250.1	carbapenem/cephalosporin/penam	OXA-312	WP_001021787.1	carbapenem
255	OXA-20	OXA-20	ACC55538.1	carbapenem/cephalosporin/penam	OXA-20	WP_000586782.1	beta-lactam
256	OXA-387	OXA-387	AHK51384.1	carbapenem/cephalosporin/penam	OXA-387	WP_063862751.1	carbapenem
257	OXA-165	OXA-165	ADK35869.1	carbapenem/cephalosporin/penam	OXA-165	WP_063861123.1	carbapenem
258	OXA-109	OXA-109	ABV31689.1	carbapenem/cephalosporin/penam	OXA-109	WP_001021794.1	carbapenem
259	OXA-66	OXA-66	ABK34774.1	carbapenem/cephalosporin/penam	OXA-66	WP_001021792.1	carbapenem
260	OXA-389	OXA-389	AHL30287.1	carbapenem/cephalosporin/penam	OXA-389	WP_063862753.1	carbapenem
261	OXA-196	OXA-196	AEB98922.1	carbapenem/cephalosporin/penam	OXA-196	WP_063861486.1	carbapenem
262	OXA-72	OXA-72	ADB28892.1	carbapenem/cephalosporin/penam	OXA-72	WP_000713530.1	carbapenem
263	OXA-80	OXA-80	ABV71247.1	carbapenem/cephalosporin/penam	OXA-80	WP_063864536.1	carbapenem
264	OXA-114a	OXA-114a	ABX38721.1	carbapenem/cephalosporin/penam	OXA-114a	WP_054505840.1	beta-lactam
265	OXA-379	OXA-379	AHL30279.1	carbapenem/cephalosporin/penam	OXA-379	WP_063862744.1	carbapenem
266	OXA-246	OXA-246	AHC31001.1	carbapenem/cephalosporin/penam	OXA-246	WP_063862394.1	beta-lactam
267	OXA-50	OXA-50	AAQ76277.1	carbapenem/cephalosporin/penam	OXA-50	WP_003099707.1	beta-lactam
268	OXA-118	OXA-118	AAK55330.1	carbapenem/cephalosporin/penam	OXA-118	WP_063861020.1	beta-lactam
269	OXA-1	OXA-1	AFB82783.1	carbapenem/cephalosporin/penam	OXA-1	WP_001334766.1	cephalosporin
270	OXA-29	OXA-29	CAC35728.1	carbapenem/cephalosporin/penam	OXA-29	WP_014845076.1	beta-lactam
271	OXA-47	OXA-47	AAP69225.1	carbapenem/cephalosporin/penam	OXA-47	WP_063864092.1	beta-lactam
272	OXA-116	OXA-116	ABW95047.1	carbapenem/cephalosporin/penam	OXA	WP_122630900.1	beta-lactam
273	OXA-149	OXA-149	ACX31141.1	carbapenem/cephalosporin/penam	OXA-149	WP_063861047.1	carbapenem
274	OXA-200	OXA-200	ADX07745.1	carbapenem/cephalosporin/penam	OXA-200	WP_063861547.1	carbapenem
275	OXA-247	OXA-247	AGC70814.1	carbapenem/cephalosporin/penam	OXA-247	WP_032495595.1	carbapenem
276	OXA-309	OXA-309	CCW28916.1	carbapenem/cephalosporin/penam	OXA-309	WP_063862593.1	carbapenem
277	OXA-250	OXA-250	CCJ32598.1	carbapenem/cephalosporin/penam	OXA-250	WP_063862420.1	carbapenem
278	OXA-335	OXA-335	AGW16417.1	carbapenem/cephalosporin/penam	OXA-335	WP_063862702.1	carbapenem
279	OXA-370	OXA-370	AHF71363.1	carbapenem/cephalosporin/penam	OXA-370	WP_032495789.1	carbapenem
280	OXA-213	OXA-213	AEV91552.1	carbapenem/cephalosporin/penam	OXA-213	WP_005047495.1	carbapenem
281	OXA-132	OXA-132	ACD84990.1	carbapenem/cephalosporin/penam	OXA-132	WP_032030965.1	carbapenem
282	OXA-84	OXA-84	ABC26006.1	carbapenem/cephalosporin/penam	OXA-84	WP_063864537.1	carbapenem
283	OXA-173	OXA-173	ADI58617.1	carbapenem/cephalosporin/penam	OXA-173	WP_063861179.1	carbapenem
284	OXA-424	OXA-424	AJA32742.1	carbapenem/cephalosporin/penam	OXA-424	WP_038348285.1	carbapenem
285	OXA-322	OXA-322	AGW16404.1	carbapenem/cephalosporin/penam	OXA-322	WP_063862632.1	carbapenem
286	OXA-57	OXA-57	CAF74882.1	carbapenem/cephalosporin/penam	OXA-57	WP_004547230.1	beta-lactam
287	OXA-331	OXA-331	AGW16413.1	carbapenem/cephalosporin/penam	OXA-331	WP_063862682.1	carbapenem
288	OXA-287	OXA-287	WP_032865068.1	carbapenem/cephalosporin/penam	OXA-287	WP_032865068.1	carbapenem
289	OXA-480	OXA-480	ALL53530.1	carbapenem/cephalosporin/penam	OXA-480	WP_063864106.1	carbapenem
290	OXA-288	OXA-288	ENX60508.1	carbapenem/cephalosporin/penam	OXA-288	WP_005201559.1	carbapenem
291	OXA-346	OXA-346	AHN07464.1	carbapenem/cephalosporin/penam	OXA-346	WP_063862717.1	carbapenem
292	OXA-439	OXA-439	AKR53961.1	carbapenem/cephalosporin/penam	OXA-439	WP_063864081.1	beta-lactam
293	OXA-477	OXA-477	ALC79292.1	carbapenem/cephalosporin/penam	OXA-477	WP_063864100.1	beta-lactam
294	OXA-364	OXA-364	AFR53898.2	carbapenem/cephalosporin/penam	OXA-364	WP_063862734.1	beta-lactam
295	OXA-440	OXA-440	AKR53962.1	carbapenem/cephalosporin/penam	OXA-440	WP_063864082.1	carbapenem
296	OXA-478	OXA-478	ALC79293.1	carbapenem/cephalosporin/penam	OXA-478	WP_063864101.1	beta-lactam
297	OXA-368	OXA-368	AMB19637.1	carbapenem/cephalosporin/penam	OXA-368	WP_099156044.1	beta-lactam
298	OXA-291	OXA-291	ENW94121.1	carbapenem/cephalosporin/penam	OXA-291	WP_005185807.1	carbapenem
299	OXA-372	OXA-372	AIG22448.1	carbapenem/cephalosporin/penam	OXA-372	WP_063862739.1	carbapenem
300	OXA-441	OXA-441	AFZ84684.1	carbapenem/cephalosporin/penam	OXA-441	WP_032037742.1	carbapenem
301	OXA-479	OXA-479	ALC79294.1	carbapenem/cephalosporin/penam	OXA-479	WP_063864102.1	beta-lactam
302	OXA-296	OXA-296	ENU21024.1	carbapenem/cephalosporin/penam	OXA-296	WP_004650739.1	beta-lactam
303	OXA-292	OXA-292	ENX53612.1	carbapenem/cephalosporin/penam	OXA-292	WP_005209448.1	carbapenem
304	OXA-373	OXA-373	CDM87362.1	carbapenem/cephalosporin/penam	OXA-373	WP_063862740.1	carbapenem
305	OXA-442	OXA-442	AKU37610.1	carbapenem/cephalosporin/penam	OXA-442	WP_063864083.1	carbapenem
306	OXA-293	OXA-293	WP_032877719.1	carbapenem/cephalosporin/penam	OXA-293	WP_032877719.1	carbapenem
307	OXA-392	OXA-392	AAN41430.1	carbapenem/cephalosporin/penam	OXA-392	WP_032490448.1	beta-lactam
308	OXA-294	OXA-294	ENU93232.1	carbapenem/cephalosporin/penam	OXA-294	WP_004776204.1	beta-lactam
309	OXA-400	OXA-400	AIS39036.1	carbapenem/cephalosporin/penam	OXA-400	WP_063862758.1	carbapenem
310	OXA-443	OXA-443	PLT17746.1	carbapenem/cephalosporin/penam	OXA-443	WP_045219048.1	beta-lactam
311	OXA-482	OXA-482	AKF41839.1	carbapenem/cephalosporin/penam	OXA-482	WP_063864108.1	carbapenem
312	OXA-402	OXA-402	AIS39035.1	carbapenem/cephalosporin/penam	OXA-402	WP_001021789.1	carbapenem
313	OXA-261	OXA-261	ENW35072.1	carbapenem/cephalosporin/penam	OXA-261	WP_005111033.1	carbapenem
314	OXA-295	OXA-295	ENX19403.1	carbapenem/cephalosporin/penam	OXA-295	WP_005260134.1	beta-lactam
315	OXA-401	OXA-401	AIS39034.1	carbapenem/cephalosporin/penam	OXA-401	WP_063862759.1	carbapenem
316	OXA-444	OXA-444	BAQ55594.1	carbapenem/cephalosporin/penam	OXA-444	WP_045219469.1	carbapenem
317	OXA-483	OXA-483	AKF41840.1	carbapenem/cephalosporin/penam	OXA-483	WP_063864109.1	carbapenem
318	OXA-140	OXA-140	ALL27283.1	carbapenem/cephalosporin/penam	OXA	WP_001334766.1	beta-lactam
319	OXA-262	OXA-262	ENW50687.1	carbapenem/cephalosporin/penam	OXA-262	WP_005132156.1	carbapenem
320	OXA-297	OXA-297	ENX09209.1	carbapenem/cephalosporin/penam	OXA-297	WP_005227858.1	beta-lactam
321	OXA-403	OXA-403	AIM47095.1	carbapenem/cephalosporin/penam	OXA-403	WP_063862760.1	carbapenem
322	OXA-103	OXA-103	ENV88740.1	carbapenem/cephalosporin/penam	OXA-103	WP_005025422.1	carbapenem
323	OXA-263	OXA-263	ENW43915.1	carbapenem/cephalosporin/penam	OXA-263	WP_002133528.1	carbapenem
324	OXA-298	OXA-298	ENX40034.1	carbapenem/cephalosporin/penam	OXA-298	WP_005282462.1	beta-lactam
325	OXA-404	OXA-404	AIM47096.1	carbapenem/cephalosporin/penam	OXA-404	WP_063862761.1	carbapenem
326	OXA-446	OXA-446	AKI29907.1	carbapenem/cephalosporin/penam	OXA-446	WP_063864084.1	beta-lactam
327	OXA-484	OXA-484	ALI16502.1	carbapenem/cephalosporin/penam	OXA-484	WP_063864110.1	carbapenem
328	OXA-122	OXA-122	ABX45061.1	carbapenem/cephalosporin/penam	OXA-122	WP_063861030.1	carbapenem
329	OXA-264	OXA-264	ENW20318.1	carbapenem/cephalosporin/penam	OXA-264	WP_005087154.1	carbapenem
330	OXA-299	OXA-299	ENV82218.1	carbapenem/cephalosporin/penam	OXA-299	WP_005011312.1	beta-lactam
331	OXA-405	OXA-405	AJA30430.1	carbapenem/cephalosporin/penam	OXA-405	WP_063862762.1	cephalosporin
332	OXA-447	OXA-447	AKI29908.1	carbapenem/cephalosporin/penam	OXA-447	WP_002934081.1	beta-lactam
333	OXA-485	OXA-485	KSG40284.1	carbapenem/cephalosporin/penam	OXA-485	WP_033954903.1	beta-lactam
334	OXA-123	OXA-123	ABX45062.1	carbapenem/cephalosporin/penam	OXA-123	WP_063861031.1	carbapenem
335	OXA-265	OXA-265	RFX69805.1	carbapenem/cephalosporin/penam	OXA-265	WP_005088661.1	carbapenem
336	OXA-300	OXA-300	ENV20093.1	carbapenem/cephalosporin/penam	OXA-300	WP_004825629.1	carbapenem
337	OXA-406	OXA-406	AJD07402.1	carbapenem/cephalosporin/penam	OXA-406	WP_063862763.1	carbapenem
338	OXA-448	OXA-448	AKI29909.1	carbapenem/cephalosporin/penam	OXA-448	WP_063864085.1	beta-lactam
339	OXA-486	OXA-486	QBY97442.1	carbapenem/cephalosporin/penam	OXA-486	WP_003161965.1	beta-lactam
340	OXA-124	OXA-124	ABX45063.1	carbapenem/cephalosporin/penam	OXA-124	WP_063861032.1	carbapenem
341	OXA-266	OXA-266	ENV38192.1	carbapenem/cephalosporin/penam	OXA-266	WP_004878009.1	beta-lactam
342	OXA-301	OXA-301	ENV90372.1	carbapenem/cephalosporin/penam	OXA-301	WP_005034514.1	carbapenem
343	OXA-407	OXA-407	AJD07403.1	carbapenem/cephalosporin/penam	OXA-407	WP_039208445.1	carbapenem
344	OXA-449	OXA-449	AKI29910.1	carbapenem/cephalosporin/penam	OXA-449	WP_002893358.1	beta-lactam
345	OXA-453	OXA-453	AKI29919.1	carbapenem/cephalosporin/penam	OXA-453	WP_038851696.1	beta-lactam
346	OXA-488	OXA-488	TKV86805.1	carbapenem/cephalosporin/penam	OXA-488	WP_003097028.1	beta-lactam
347	OXA-125	OXA-125	ABX45064.1	carbapenem/cephalosporin/penam	OXA-125	WP_063861033.1	carbapenem
348	OXA-267	OXA-267	ENV93423.1	carbapenem/cephalosporin/penam	OXA-267	WP_005041180.1	carbapenem
349	OXA-302	OXA-302	ENX18112.1	carbapenem/cephalosporin/penam	OXA-302	WP_005238189.1	carbapenem
350	OXA-408	OXA-408	AJD07404.1	carbapenem/cephalosporin/penam	OXA-408	WP_063862764.1	carbapenem
351	OXA-450	OXA-450	AKI29914.1	carbapenem/cephalosporin/penam	OXA-450	WP_042962442.1	beta-lactam
352	OXA-455	OXA-455	ALC76097.1	carbapenem/cephalosporin/penam	OXA-455	WP_054428802.1	beta-lactam
353	OXA-126	OXA-126	ABX45065.1	carbapenem/cephalosporin/penam	OXA-126	WP_002047441.1	carbapenem
354	OXA-436	OXA-436	ARX76025.1	carbapenem/cephalosporin/penam	OXA-436	WP_058842180.1	carbapenem
355	OXA-535	OXA-535	AOQ26572.1	carbapenem/cephalosporin/penam	OXA-535	WP_089067012.1	beta-lactam
356	OXA-127	OXA-127	ABX45066.1	carbapenem/cephalosporin/penam	OXA-127	WP_063861034.1	carbapenem
357	OXA-268	OXA-268	ENU09033.1	carbapenem/cephalosporin/penam	OXA-268	WP_003651390.1	carbapenem
358	OXA-269	OXA-269	EOQ63861.1	carbapenem/cephalosporin/penam	OXA-269	WP_016138346.1	carbapenem
359	OXA-303	OXA-303	ENX56371.1	carbapenem/cephalosporin/penam	OXA-303	WP_005317413.1	carbapenem
360	OXA-409	OXA-409	AJD07405.1	carbapenem/cephalosporin/penam	OXA-409	WP_063862765.1	carbapenem
361	OXA-451	OXA-451	AKI29916.1	carbapenem/cephalosporin/penam	OXA-451	WP_052805187.1	beta-lactam
362	OXA-457	OXA-457	ALC76098.1	carbapenem/cephalosporin/penam	OXA-457	WP_063864087.1	beta-lactam
363	OXA-151	OXA-151	SUA76968.1	carbapenem/cephalosporin/penam	OXA-151	WP_048806429.1	carbapenem
364	OXA-270	OXA-270	EOQ69512.1	carbapenem/cephalosporin/penam	OXA-270	WP_016141238.1	carbapenem
365	OXA-304	OXA-304	ENX45276.1	carbapenem/cephalosporin/penam	OXA-304	WP_005304617.1	carbapenem
366	OXA-411	OXA-411	AJD07406.1	carbapenem/cephalosporin/penam	OXA-411	WP_063862766.1	carbapenem
367	OXA-452	OXA-452	AKI29917.1	carbapenem/cephalosporin/penam	OXA-452	WP_020836977.1	beta-lactam
368	OXA-458	OXA-458	ALC76100.1	carbapenem/cephalosporin/penam	OXA-458	WP_063864088.1	beta-lactam
369	OXA-152	OXA-152	ALA99186.1	carbapenem/cephalosporin/penam	OXA-152	WP_063861050.1	carbapenem
370	OXA-271	OXA-271	EOQ72432.1	carbapenem/cephalosporin/penam	OXA-271	WP_016145058.1	carbapenem
371	OXA-305	OXA-305	ENV02983.1	carbapenem/cephalosporin/penam	OXA-305	WP_004792810.1	carbapenem
372	OXA-412	OXA-412	AJD07407.1	carbapenem/cephalosporin/penam	OXA-412	WP_063862767.1	carbapenem
373	OXA-459	OXA-459	ALC76101.1	carbapenem/cephalosporin/penam	OXA-459	WP_063864089.1	beta-lactam
374	OXA-153	OXA-153	CFB60580.1	carbapenem/cephalosporin/penam	OXA-153	WP_048627819.1	carbapenem
375	OXA-272	OXA-272	ENW16915.1	carbapenem/cephalosporin/penam	OXA-272	WP_005076320.1	carbapenem
376	OXA-306	OXA-306	ENX38336.1	carbapenem/cephalosporin/penam	OXA-306	WP_005297518.1	carbapenem
377	OXA-413	OXA-413	AJD07408.1	carbapenem/cephalosporin/penam	OXA-413	WP_063862768.1	carbapenem
378	OXA-460	OXA-460	ATL95930.1	carbapenem/cephalosporin/penam	OXA-460	WP_002788004.1	beta-lactam
379	OXA-154	OXA-154	SNU87672.1	carbapenem/cephalosporin/penam	OXA-154	WP_063861062.1	carbapenem
380	OXA-273	OXA-273	ENW12288.1	carbapenem/cephalosporin/penam	OXA-273	WP_005069609.1	carbapenem
381	OXA-414	OXA-414	AJD07401.1	carbapenem/cephalosporin/penam	OXA-414	WP_063862769.1	carbapenem
382	OXA-461	OXA-461	AKI29921.1	carbapenem/cephalosporin/penam	OXA-461	WP_038813458.1	beta-lactam
383	OXA-155	OXA-155	ALA99189.1	carbapenem/cephalosporin/penam	OXA-155	WP_063861067.1	carbapenem
384	OXA-275	OXA-275	ENV18923.1	carbapenem/cephalosporin/penam	OXA-275	WP_004816501.1	carbapenem
385	OXA-308	OXA-308	ENV32314.1	carbapenem/cephalosporin/penam	OXA-308	WP_004867933.1	beta-lactam
386	OXA-416	OXA-416	AKH90740.1	carbapenem/cephalosporin/penam	OXA-416	WP_063862782.1	carbapenem
387	OXA-464	OXA-464	ANW35663.1	carbapenem/cephalosporin/penam	OXA-464	WP_046991607.1	beta-lactam
388	OXA-156	OXA-156	SUA92210.1	carbapenem/cephalosporin/penam	OXA-156	WP_052266736.1	carbapenem
389	OXA-276	OXA-276	ENV13583.1	carbapenem/cephalosporin/penam	OXA-276	WP_004814035.1	carbapenem
390	OXA-336	OXA-336	AHN07452.1	carbapenem/cephalosporin/penam	OXA-336	WP_063862707.1	carbapenem
391	OXA-430	OXA-430	WP_063862927.1	carbapenem/cephalosporin/penam	OXA-430	WP_063862927.1	carbapenem
392	OXA-417	OXA-417	AIU44173.1	carbapenem/cephalosporin/penam	OXA-417	WP_057089822.1	carbapenem
393	OXA-465	OXA-465	AKI29912.1	carbapenem/cephalosporin/penam	OXA-465	WP_052793969.1	beta-lactam
394	OXA-664	OXA-664	EOR02560.1	carbapenem/cephalosporin/penam	OXA	WP_104442312.1	carbapenem
395	OXA-665	OXA-665	EPF70268.1	carbapenem/cephalosporin/penam	OXA-665	WP_016657654.1	carbapenem
396	OXA-157	OXA-157	ALA99191.1	carbapenem/cephalosporin/penam	OXA-157	WP_058375744.1	carbapenem
397	OXA-274	OXA-274	EPH38243.1	carbapenem/cephalosporin/penam	OXA-274	WP_004725235.1	carbapenem
398	OXA-286	OXA-286	ENU21708.1	carbapenem/cephalosporin/penam	OXA-286	WP_004657207.1	carbapenem
399	OXA-277	OXA-277	ENV45890.1	carbapenem/cephalosporin/penam	OXA-277	WP_004897444.1	carbapenem
400	OXA-337	OXA-337	RIL13772.1	carbapenem/cephalosporin/penam	OXA-337	WP_032025569.1	carbapenem
401	OXA-663	OXA-663	OWG16436.1	carbapenem/cephalosporin/penam	OXA-663	WP_032410229.1	beta-lactam
402	OXA-427	OXA-427	ARO85965.1	carbapenem/cephalosporin/penam	OXA-427	WP_096807440.1	carbapenem
403	OXA-466	OXA-466	AKI29913.1	carbapenem/cephalosporin/penam	OXA-466	WP_063864091.1	beta-lactam
404	OXA-158	OXA-158	ALA99192.1	carbapenem/cephalosporin/penam	OXA-158	WP_063861081.1	carbapenem
405	OXA-279	OXA-279	ENU35234.1	carbapenem/cephalosporin/penam	OXA-279	WP_004683508.1	beta-lactam
406	OXA-339	OXA-339	AHN07456.1	carbapenem/cephalosporin/penam	OXA-339	WP_063862711.1	carbapenem
407	OXA-429	OXA-429	AJG01375.1	carbapenem/cephalosporin/penam	OXA-429	WP_063862915.1	carbapenem
408	OXA-470	OXA-470	ALC79285.1	carbapenem/cephalosporin/penam	OXA-470	WP_063864093.1	beta-lactam
409	OXA-724	OXA-724	CAB76928.1	carbapenem/cephalosporin/penam	OXA-724	WP_077096319.1	beta-lactam
410	OXA-185	OXA-185	AFO09969.1	carbapenem/cephalosporin/penam	OXA-185	WP_063861300.1	beta-lactam
411	OXA-280	OXA-280	ENV74419.1	carbapenem/cephalosporin/penam	OXA-280	WP_004977701.1	carbapenem
412	OXA-340	OXA-340	OTK94966.1	carbapenem/cephalosporin/penam	OXA-340	WP_057053864.1	carbapenem
413	OXA-471	OXA-471	ALC79286.1	carbapenem/cephalosporin/penam	OXA-471	WP_063864094.1	beta-lactam
414	OXA-234	OXA-234	WP_038350216.1	carbapenem/cephalosporin/penam	OXA-234	WP_038350216.1	carbapenem
415	OXA-281	OXA-281	ENU38533.1	carbapenem/cephalosporin/penam	OXA-281	WP_004697403.1	carbapenem
416	OXA-341	OXA-341	AHN07458.1	carbapenem/cephalosporin/penam	OXA-341	WP_063862712.1	carbapenem
417	OXA-431	OXA-431	AJG01377.1	carbapenem/cephalosporin/penam	OXA-431	WP_063862945.1	carbapenem
418	OXA-472	OXA-472	ALC79287.1	carbapenem/cephalosporin/penam	OXA-472	WP_063864095.1	beta-lactam
419	OXA-252	OXA-252	ASF15667.1	carbapenem/cephalosporin/penam	OXA-252	WP_037428895.1	carbapenem
420	OXA-282	OXA-282	EKE23052.1	carbapenem/cephalosporin/penam	OXA-282	WP_004728961.1	carbapenem
421	OXA-342	OXA-342	AHN07460.1	carbapenem/cephalosporin/penam	OXA-342	WP_063862713.1	carbapenem
422	OXA-432	OXA-432	AJG01378.1	carbapenem/cephalosporin/penam	OXA-432	WP_063864076.1	carbapenem
423	OXA-473	OXA-473	ALC79288.1	carbapenem/cephalosporin/penam	OXA-473	WP_063864096.1	beta-lactam
424	OXA-259	OXA-259	AGV04655.1	carbapenem/cephalosporin/penam	OXA-259	WP_001021784.1	carbapenem
425	OXA-283	OXA-283	ENU15301.1	carbapenem/cephalosporin/penam	OXA-283	WP_004647119.1	carbapenem
426	OXA-343	OXA-343	PCE45447.1	carbapenem/cephalosporin/penam	OXA-343	WP_063862714.1	carbapenem
427	OXA-433	OXA-433	AJG01379.1	carbapenem/cephalosporin/penam	OXA-433	WP_063864077.1	carbapenem
428	OXA-474	OXA-474	ALC79289.1	carbapenem/cephalosporin/penam	OXA-474	WP_063864097.1	beta-lactam
429	OXA-260	OXA-260	ENU54757.1	carbapenem/cephalosporin/penam	OXA-260	WP_004715243.1	carbapenem
430	OXA-284	OXA-284	ENX16434.1	carbapenem/cephalosporin/penam	OXA-284	WP_005245537.1	carbapenem
431	OXA-344	OXA-344	AHN07462.1	carbapenem/cephalosporin/penam	OXA-344	WP_063862715.1	carbapenem
432	OXA-437	OXA-437	AKL59536.1	carbapenem/cephalosporin/penam	OXA-437	WP_063864079.1	carbapenem
433	OXA-475	OXA-475	ALC79290.1	carbapenem/cephalosporin/penam	OXA-475	WP_063864098.1	beta-lactam
434	OXA-285	OXA-285	ENX26326.1	carbapenem/cephalosporin/penam	OXA-285	WP_005268230.1	carbapenem
435	OXA-345	OXA-345	AHN07463.1	carbapenem/cephalosporin/penam	OXA-345	WP_063862716.1	carbapenem
436	OXA-438	OXA-438	AKL59521.1	carbapenem/cephalosporin/penam	OXA-438	WP_063864080.1	carbapenem
437	OXA-476	OXA-476	ALC79291.1	carbapenem/cephalosporin/penam	OXA-476	WP_063864099.1	beta-lactam
438	OXA-837	OXA-837	QEE23059.1	carbapenem/cephalosporin/penam	OXA-837	WP_148281568.1	beta-lactam
439	OXA-899	OXA-899	QHT72949.1	carbapenem/cephalosporin/penam	OXA-899	WP_154205474.1	beta-lactam
440	OXA-898	OXA-898	QHT72948.1	carbapenem/cephalosporin/penam	OXA-898	WP_154205589.1	beta-lactam
441	OXA-846	OXA-846	QEJ80883.1	carbapenem/cephalosporin/penam	OXA-846	WP_033989974.1	beta-lactam
442	OXA-906	OXA-906	QIC04089.1	carbapenem/cephalosporin/penam	OXA-906	WP_034005326.1	beta-lactam
443	OXA-850	OXA-850	QEJ80887.1	carbapenem/cephalosporin/penam	OXA-850	WP_034006563.1	beta-lactam
444	OXA-668	OXA-668	KEC85091.1	carbapenem/cephalosporin/penam	OXA-668	WP_034612711.1	carbapenem
445	OXA-818	OXA-818	QBQ03043.1	carbapenem/cephalosporin/penam	OXA-818	WP_034670108.1	carbapenem
446	OXA-812	OXA-812	QBQ03037.1	carbapenem/cephalosporin/penam	OXA-812	WP_034688190.1	carbapenem
447	OXA-544	OXA-544	OPD39420.1	carbapenem/cephalosporin/penam	OXA-544	WP_071537493.1	cephalosporin
448	OXA-540	OXA-540	AHN60085.1	carbapenem/cephalosporin/penam	OXA-540	WP_071846203.1	beta-lactam
449	OXA-779	OXA-779	WP_122634438.1	carbapenem/cephalosporin/penam	OXA-779	WP_122634438.1	beta-lactam
450	OXA-838	OXA-838	QEJ74001.1	carbapenem/cephalosporin/penam	OXA-838	WP_150823470.1	beta-lactam
451	OXA-539	OXA-539	WP_071593233.1	carbapenem/cephalosporin/penam	OXA-539	WP_071593233.1	cephalosporin
452	OXA-543	OXA-543	OPD39435.1	carbapenem/cephalosporin/penam	OXA-543	WP_058132644.1	cephalosporin
453	OXA-681	OXA-681	WP_122630881.1	carbapenem/cephalosporin/penam	OXA-681	WP_122630881.1	cephalosporin
454	OXA-737	OXA-737	WP_122630856.1	carbapenem/cephalosporin/penam	OXA-737	WP_122630856.1	beta-lactam
455	OXA-541	OXA-541	CAQ77073.1	carbapenem/cephalosporin/penam	OXA-541	WP_071846384.1	beta-lactam
456	OXA-835	OXA-835	WP_148044422.1	carbapenem/cephalosporin/penam	OXA-835	WP_148044422.1	beta-lactam
457	OXA-926	OXA-926	WP_114268491.1	carbapenem/cephalosporin/penam	OXA-926	WP_114268491.1	beta-lactam
458	OXA-570	OXA-570	WP_102607462.1	carbapenem/cephalosporin/penam	OXA-570	WP_102607462.1	carbapenem
459	OXA-573	OXA-573	WP_064808881.1	carbapenem/cephalosporin/penam	OXA-573	WP_064808881.1	carbapenem
460	OXA-571	OXA-571	WP_102607463.1	carbapenem/cephalosporin/penam	OXA-571	WP_102607463.1	carbapenem
461	OXA-672	OXA-672	WP_023271137.1	carbapenem/cephalosporin/penam	OXA-672	WP_023271137.1	carbapenem
462	OXA-671	OXA-671	WP_081401608.1	carbapenem/cephalosporin/penam	OXA-671	WP_081401608.1	carbapenem
463	OXA-673	OXA-673	WP_016162389.1	carbapenem/cephalosporin/penam	OXA-673	WP_016162389.1	carbapenem
464	OXA-931	OXA-931	WP_190259776.1	carbapenem/cephalosporin/penam	OXA-931	WP_190259776.1	beta-lactam
465	OXA-930	OXA-930	WP_151781119.1	carbapenem/cephalosporin/penam	OXA-930	WP_151781119.1	beta-lactam
466	OXA-895	OXA-895	WP_100886243.1	carbapenem/cephalosporin/penam	OXA-895	WP_100886243.1	beta-lactam
467	OXA-641	OXA-641	WP_109545072.1	carbapenem/cephalosporin/penam	OXA-641	WP_109545072.1	carbapenem
468	OXA-496	OXA-496	WP_064483990.1	carbapenem/cephalosporin/penam	OXA-496	WP_064483990.1	carbapenem
469	OXA-915	OXA-915	WP_168370988.1	carbapenem/cephalosporin/penam	OXA-915	WP_168370988.1	carbapenem
470	OXA-648	OXA-648	WP_140423316.1	carbapenem/cephalosporin/penam	OXA-648	WP_140423316.1	carbapenem
471	OXA-646	OXA-646	WP_039902635.1	carbapenem/cephalosporin/penam	OXA-646	WP_039902635.1	carbapenem
472	OXA-649	OXA-649	WP_109545071.1	carbapenem/cephalosporin/penam	OXA-649	WP_109545071.1	carbapenem
473	OXA-897	OXA-897	WP_164461290.1	carbapenem/cephalosporin/penam	OXA-897	WP_164461290.1	carbapenem
474	OXA-653	OXA-653	WP_087554513.1	carbapenem/cephalosporin/penam	OXA-653	WP_087554513.1	carbapenem
475	OXA-499	OXA-499	WP_063864112.1	carbapenem/cephalosporin/penam	OXA-499	WP_063864112.1	carbapenem
476	OXA-825	OXA-825	WP_140423318.1	carbapenem/cephalosporin/penam	OXA-825	WP_140423318.1	beta-lactam
477	OXA-114b	OXA-114b	WP_006384924.1	carbapenem/cephalosporin/penam	OXA-114b	WP_006384924.1	beta-lactam
478	OXA-114c	OXA-114c	WP_054448427.1	carbapenem/cephalosporin/penam	OXA-114c	WP_054448427.1	beta-lactam
479	OXA-114d	OXA-114d	WP_063860980.1	carbapenem/cephalosporin/penam	OXA-114d	WP_063860980.1	beta-lactam
480	OXA-114e	OXA-114e	WP_049058560.1	carbapenem/cephalosporin/penam	OXA-114e	WP_049058560.1	beta-lactam
481	OXA-114f	OXA-114f	WP_024069684.1	carbapenem/cephalosporin/penam	OXA-114f	WP_024069684.1	beta-lactam
482	OXA-114g	OXA-114g	WP_063861000.1	carbapenem/cephalosporin/penam	OXA-114g	WP_063861000.1	beta-lactam
483	OXA-114h	OXA-114h	WP_053498400.1	carbapenem/cephalosporin/penam	OXA-114h	WP_053498400.1	beta-lactam
484	OXA-114i	OXA-114i	WP_026382828.1	carbapenem/cephalosporin/penam	OXA-114i	WP_026382828.1	beta-lactam
485	OXA-114j	OXA-114j	WP_054437016.1	carbapenem/cephalosporin/penam	OXA-114j	WP_054437016.1	beta-lactam
486	OXA-114k	OXA-114k	WP_136512073.1	carbapenem/cephalosporin/penam	OXA-114k	WP_136512073.1	beta-lactam
487	OXA-114l	OXA-114l	WP_054517040.1	carbapenem/cephalosporin/penam	OXA-114l	WP_054517040.1	beta-lactam
488	OXA-114m	OXA-114m	WP_054471662.1	carbapenem/cephalosporin/penam	OXA-114m	WP_054471662.1	beta-lactam
489	OXA-114n	OXA-114n	WP_136512074.1	carbapenem/cephalosporin/penam	OXA-114n	WP_136512074.1	beta-lactam
490	OXA-114p	OXA-114p	WP_076412384.1	carbapenem/cephalosporin/penam	OXA-114p	WP_076412384.1	beta-lactam
491	OXA-114q	OXA-114q	WP_136512075.1	carbapenem/cephalosporin/penam	OXA-114q	WP_136512075.1	beta-lactam
492	OXA-114r	OXA-114r	WP_136512076.1	carbapenem/cephalosporin/penam	OXA-114r	WP_136512076.1	beta-lactam
493	OXA-114s	OXA-114s	WP_136512077.1	carbapenem/cephalosporin/penam	OXA-114s	WP_136512077.1	beta-lactam
494	OXA-114t	OXA-114t	WP_136512078.1	carbapenem/cephalosporin/penam	OXA-114t	WP_136512078.1	beta-lactam
495	OXA-114u	OXA-114u	WP_136512079.1	carbapenem/cephalosporin/penam	OXA-114u	WP_136512079.1	beta-lactam
496	OXA-114v	OXA-114v	WP_136512080.1	carbapenem/cephalosporin/penam	OXA-114v	WP_136512080.1	beta-lactam
497	OXA-114w	OXA-114w	WP_136512081.1	carbapenem/cephalosporin/penam	OXA-114w	WP_136512081.1	beta-lactam
498	OXA-114x	OXA-114x	WP_136512082.1	carbapenem/cephalosporin/penam	OXA-114x	WP_136512082.1	beta-lactam
499	OXA-159	OXA-159	WP_063861087.1	carbapenem/cephalosporin/penam	OXA-159	WP_063861087.1	carbapenem
500	OXA-193	OXA-193	WP_002783228.1	carbapenem/cephalosporin/penam	OXA-193	WP_002783228.1	beta-lactam
501	OXA-307	OXA-307	WP_032879257.1	carbapenem/cephalosporin/penam	OXA-307	WP_032879257.1	carbapenem
502	OXA-395	OXA-395	WP_015649877.1	carbapenem/cephalosporin/penam	OXA-395	WP_015649877.1	beta-lactam
503	OXA-396	OXA-396	WP_016852290.1	carbapenem/cephalosporin/penam	OXA-396	WP_016852290.1	beta-lactam
504	OXA-489	OXA-489	WP_002791310.1	carbapenem/cephalosporin/penam	OXA-489	WP_002791310.1	beta-lactam
505	OXA-491	OXA-491	WP_020848173.1	carbapenem/cephalosporin/penam	OXA-491	WP_020848173.1	beta-lactam
506	OXA-493	OXA-493	WP_012662081.1	carbapenem/cephalosporin/penam	OXA-493	WP_012662081.1	beta-lactam
507	OXA-494	OXA-494	WP_003118452.1	carbapenem/cephalosporin/penam	OXA-494	WP_003118452.1	beta-lactam
508	OXA-497	OXA-497	WP_058061931.1	carbapenem/cephalosporin/penam	OXA-497	WP_058061931.1	carbapenem
509	OXA-498	OXA-498	WP_063454569.1	carbapenem/cephalosporin/penam	OXA-498	WP_063454569.1	beta-lactam
510	OXA-500	OXA-500	WP_002121386.1	carbapenem/cephalosporin/penam	OXA-500	WP_002121386.1	carbapenem
511	OXA-501	OXA-501	WP_063864113.1	carbapenem/cephalosporin/penam	OXA-501	WP_063864113.1	carbapenem
512	OXA-502	OXA-502	WP_032003497.1	carbapenem/cephalosporin/penam	OXA-502	WP_032003497.1	carbapenem
513	OXA-503	OXA-503	WP_063864114.1	carbapenem/cephalosporin/penam	OXA-503	WP_063864114.1	carbapenem
514	OXA-504	OXA-504	WP_063864115.1	carbapenem/cephalosporin/penam	OXA-504	WP_063864115.1	beta-lactam
515	OXA-505	OXA-505	WP_063864118.1	carbapenem/cephalosporin/penam	OXA-505	WP_063864118.1	carbapenem
516	OXA-506	OXA-506	WP_032007272.1	carbapenem/cephalosporin/penam	OXA-506	WP_032007272.1	carbapenem
517	OXA-507	OXA-507	WP_063864138.1	carbapenem/cephalosporin/penam	OXA-507	WP_063864138.1	carbapenem
518	OXA-508	OXA-508	WP_063864150.1	carbapenem/cephalosporin/penam	OXA-508	WP_063864150.1	carbapenem
519	OXA-509	OXA-509	WP_063864158.1	carbapenem/cephalosporin/penam	OXA-509	WP_063864158.1	carbapenem
520	OXA-510	OXA-510	WP_068981635.1	carbapenem/cephalosporin/penam	OXA-510	WP_068981635.1	carbapenem
521	OXA-511	OXA-511	WP_068981636.1	carbapenem/cephalosporin/penam	OXA-511	WP_068981636.1	carbapenem
522	OXA-512	OXA-512	WP_063864184.1	carbapenem/cephalosporin/penam	OXA-512	WP_063864184.1	carbapenem
523	OXA-513	OXA-513	WP_063864194.1	carbapenem/cephalosporin/penam	OXA-513	WP_063864194.1	beta-lactam
524	OXA-514	OXA-514	WP_094009803.1	carbapenem/cephalosporin/penam	OXA-514	WP_094009803.1	beta-lactam
525	OXA-515	OXA-515	WP_094009804.1	carbapenem/cephalosporin/penam	OXA-515	WP_094009804.1	beta-lactam
526	OXA-516	OXA-516	WP_063864208.1	carbapenem/cephalosporin/penam	OXA-516	WP_063864208.1	carbapenem
527	OXA-517	OXA-517	WP_085562384.1	carbapenem/cephalosporin/penam	OXA-517	WP_085562384.1	beta-lactam
528	OXA-518	OXA-518	WP_063864216.1	carbapenem/cephalosporin/penam	OXA-518	WP_063864216.1	beta-lactam
529	OXA-519	OXA-519	WP_094009808.1	carbapenem/cephalosporin/penam	OXA-519	WP_094009808.1	beta-lactam
530	OXA-520	OXA-520	WP_065159014.1	carbapenem/cephalosporin/penam	OXA-520	WP_065159014.1	beta-lactam
531	OXA-521	OXA-521	WP_065419572.1	carbapenem/cephalosporin/penam	OXA-521	WP_065419572.1	carbapenem
532	OXA-522	OXA-522	WP_068981637.1	carbapenem/cephalosporin/penam	OXA-522	WP_068981637.1	carbapenem
533	OXA-523	OXA-523	WP_068981638.1	carbapenem/cephalosporin/penam	OXA-523	WP_068981638.1	carbapenem
534	OXA-524	OXA-524	WP_068981639.1	carbapenem/cephalosporin/penam	OXA-524	WP_068981639.1	carbapenem
535	OXA-525	OXA-525	WP_068981640.1	carbapenem/cephalosporin/penam	OXA-525	WP_068981640.1	carbapenem
536	OXA-526	OXA-526	WP_068981641.1	carbapenem/cephalosporin/penam	OXA-526	WP_068981641.1	carbapenem
537	OXA-527	OXA-527	WP_068981642.1	carbapenem/cephalosporin/penam	OXA-527	WP_068981642.1	beta-lactam
538	OXA-528	OXA-528	WP_068981643.1	carbapenem/cephalosporin/penam	OXA-528	WP_068981643.1	carbapenem
539	OXA-529	OXA-529	WP_068981644.1	carbapenem/cephalosporin/penam	OXA-529	WP_068981644.1	carbapenem
540	OXA-530	OXA-530	WP_068981645.1	carbapenem/cephalosporin/penam	OXA-530	WP_068981645.1	carbapenem
541	OXA-531	OXA-531	WP_068981646.1	carbapenem/cephalosporin/penam	OXA-531	WP_068981646.1	carbapenem
542	OXA-532	OXA-532	WP_068981647.1	carbapenem/cephalosporin/penam	OXA-532	WP_068981647.1	carbapenem
543	OXA-533	OXA-533	WP_068611377.1	carbapenem/cephalosporin/penam	OXA-533	WP_068611377.1	carbapenem
544	OXA-534	OXA-534	WP_069280711.1	carbapenem/cephalosporin/penam	OXA-534	WP_069280711.1	beta-lactam
545	OXA-536	OXA-536	WP_070064535.1	carbapenem/cephalosporin/penam	OXA-536	WP_070064535.1	carbapenem
546	OXA-537	OXA-537	WP_070064536.1	carbapenem/cephalosporin/penam	OXA-537	WP_070064536.1	carbapenem
547	OXA-538	OXA-538	WP_071593227.1	carbapenem/cephalosporin/penam	OXA-538	WP_071593227.1	beta-lactam
548	OXA-542	OXA-542	WP_109545048.1	carbapenem/cephalosporin/penam	OXA-542	WP_109545048.1	carbapenem
549	OXA-545	OXA-545	WP_085562402.1	carbapenem/cephalosporin/penam	OXA-545	WP_085562402.1	beta-lactam
550	OXA-546	OXA-546	WP_087587945.1	carbapenem/cephalosporin/penam	OXA-546	WP_087587945.1	beta-lactam
551	OXA-547	OXA-547	WP_085562403.1	carbapenem/cephalosporin/penam	OXA-547	WP_085562403.1	beta-lactam
552	OXA-548	OXA-548	WP_087587939.1	carbapenem/cephalosporin/penam	OXA-548	WP_087587939.1	beta-lactam
553	OXA-549	OXA-549	WP_087587940.1	carbapenem/cephalosporin/penam	OXA-549	WP_087587940.1	beta-lactam
554	OXA-550	OXA-550	WP_087587941.1	carbapenem/cephalosporin/penam	OXA-550	WP_087587941.1	beta-lactam
555	OXA-551	OXA-551	WP_087587942.1	carbapenem/cephalosporin/penam	OXA-551	WP_087587942.1	beta-lactam
556	OXA-552	OXA-552	WP_087587943.1	carbapenem/cephalosporin/penam	OXA-552	WP_087587943.1	beta-lactam
557	OXA-553	OXA-553	WP_087587944.1	carbapenem/cephalosporin/penam	OXA-553	WP_087587944.1	beta-lactam
558	OXA-554	OXA-554	WP_085562408.1	carbapenem/cephalosporin/penam	OXA-554	WP_085562408.1	carbapenem
559	OXA-555	OXA-555	WP_085562409.1	carbapenem/cephalosporin/penam	OXA-555	WP_085562409.1	carbapenem
560	OXA-556	OXA-556	WP_085562410.1	carbapenem/cephalosporin/penam	OXA-556	WP_085562410.1	carbapenem
561	OXA-557	OXA-557	WP_085562411.1	carbapenem/cephalosporin/penam	OXA-557	WP_085562411.1	carbapenem
562	OXA-558	OXA-558	WP_085562412.1	carbapenem/cephalosporin/penam	OXA-558	WP_085562412.1	carbapenem
563	OXA-559	OXA-559	WP_085562413.1	carbapenem/cephalosporin/penam	OXA-559	WP_085562413.1	carbapenem
564	OXA-560	OXA-560	WP_085562414.1	carbapenem/cephalosporin/penam	OXA-560	WP_085562414.1	carbapenem
565	OXA-561	OXA-561	WP_085562415.1	carbapenem/cephalosporin/penam	OXA-561	WP_085562415.1	carbapenem
566	OXA-562	OXA-562	WP_085562416.1	carbapenem/cephalosporin/penam	OXA-562	WP_085562416.1	carbapenem
567	OXA-563	OXA-563	WP_085562417.1	carbapenem/cephalosporin/penam	OXA-563	WP_085562417.1	carbapenem
568	OXA-564	OXA-564	WP_085562418.1	carbapenem/cephalosporin/penam	OXA-564	WP_085562418.1	carbapenem
569	OXA-565	OXA-565	WP_085562421.1	carbapenem/cephalosporin/penam	OXA-565	WP_085562421.1	carbapenem
570	OXA-566	OXA-566	WP_094009811.1	carbapenem/cephalosporin/penam	OXA-566	WP_094009811.1	beta-lactam
571	OXA-567	OXA-567	WP_099156052.1	carbapenem/cephalosporin/penam	OXA-567	WP_099156052.1	beta-lactam
572	OXA-568	OXA-568	WP_099337823.1	carbapenem/cephalosporin/penam	OXA-568	WP_099337823.1	beta-lactam
573	OXA-569	OXA-569	WP_102607461.1	carbapenem/cephalosporin/penam	OXA-569	WP_102607461.1	beta-lactam
574	OXA-572	OXA-572	WP_102607464.1	carbapenem/cephalosporin/penam	OXA-572	WP_102607464.1	beta-lactam
575	OXA-574	OXA-574	WP_064808581.1	carbapenem/cephalosporin/penam	OXA-574	WP_064808581.1	beta-lactam
576	OXA-575	OXA-575	WP_104009853.1	carbapenem/cephalosporin/penam	OXA-575	WP_104009853.1	carbapenem
577	OXA-576	OXA-576	WP_087696200.1	carbapenem/cephalosporin/penam	OXA-576	WP_087696200.1	beta-lactam
578	OXA-577	OXA-577	WP_109545091.1	carbapenem/cephalosporin/penam	OXA-577	WP_109545091.1	beta-lactam
579	OXA-578	OXA-578	WP_002812372.1	carbapenem/cephalosporin/penam	OXA-578	WP_002812372.1	beta-lactam
580	OXA-579	OXA-579	WP_002837769.1	carbapenem/cephalosporin/penam	OXA-579	WP_002837769.1	beta-lactam
581	OXA-580	OXA-580	WP_025006557.1	carbapenem/cephalosporin/penam	OXA-580	WP_025006557.1	beta-lactam
582	OXA-581	OXA-581	WP_052788887.1	carbapenem/cephalosporin/penam	OXA-581	WP_052788887.1	beta-lactam
583	OXA-582	OXA-582	WP_109545107.1	carbapenem/cephalosporin/penam	OXA-582	WP_109545107.1	beta-lactam
584	OXA-583	OXA-583	WP_052781249.1	carbapenem/cephalosporin/penam	OXA-583	WP_052781249.1	beta-lactam
585	OXA-584	OXA-584	WP_109545088.1	carbapenem/cephalosporin/penam	OXA-584	WP_109545088.1	beta-lactam
586	OXA-585	OXA-585	WP_109545089.1	carbapenem/cephalosporin/penam	OXA-585	WP_109545089.1	beta-lactam
587	OXA-586	OXA-586	WP_109545090.1	carbapenem/cephalosporin/penam	OXA-586	WP_109545090.1	beta-lactam
588	OXA-587	OXA-587	WP_109545092.1	carbapenem/cephalosporin/penam	OXA-587	WP_109545092.1	beta-lactam
589	OXA-588	OXA-588	WP_109545095.1	carbapenem/cephalosporin/penam	OXA-588	WP_109545095.1	beta-lactam
590	OXA-589	OXA-589	WP_109545096.1	carbapenem/cephalosporin/penam	OXA-589	WP_109545096.1	beta-lactam
591	OXA-590	OXA-590	WP_109545103.1	carbapenem/cephalosporin/penam	OXA-590	WP_109545103.1	beta-lactam
592	OXA-591	OXA-591	WP_002889704.1	carbapenem/cephalosporin/penam	OXA-591	WP_002889704.1	beta-lactam
593	OXA-592	OXA-592	WP_002857546.1	carbapenem/cephalosporin/penam	OXA-592	WP_002857546.1	beta-lactam
594	OXA-593	OXA-593	WP_109545097.1	carbapenem/cephalosporin/penam	OXA-593	WP_109545097.1	beta-lactam
595	OXA-594	OXA-594	WP_044600959.1	carbapenem/cephalosporin/penam	OXA-594	WP_044600959.1	beta-lactam
596	OXA-595	OXA-595	WP_002824679.1	carbapenem/cephalosporin/penam	OXA-595	WP_002824679.1	beta-lactam
597	OXA-596	OXA-596	WP_109545093.1	carbapenem/cephalosporin/penam	OXA-596	WP_109545093.1	beta-lactam
598	OXA-597	OXA-597	WP_052800105.1	carbapenem/cephalosporin/penam	OXA-597	WP_052800105.1	beta-lactam
599	OXA-598	OXA-598	WP_109545101.1	carbapenem/cephalosporin/penam	OXA-598	WP_109545101.1	beta-lactam
600	OXA-599	OXA-599	WP_109545098.1	carbapenem/cephalosporin/penam	OXA-599	WP_109545098.1	beta-lactam
601	OXA-600	OXA-600	WP_109545094.1	carbapenem/cephalosporin/penam	OXA-600	WP_109545094.1	beta-lactam
602	OXA-601	OXA-601	WP_052803794.1	carbapenem/cephalosporin/penam	OXA-601	WP_052803794.1	beta-lactam
603	OXA-602	OXA-602	WP_109545105.1	carbapenem/cephalosporin/penam	OXA-602	WP_109545105.1	beta-lactam
604	OXA-603	OXA-603	WP_053921012.1	carbapenem/cephalosporin/penam	OXA-603	WP_053921012.1	beta-lactam
605	OXA-604	OXA-604	WP_109545104.1	carbapenem/cephalosporin/penam	OXA-604	WP_109545104.1	beta-lactam
606	OXA-605	OXA-605	WP_109545108.1	carbapenem/cephalosporin/penam	OXA-605	WP_109545108.1	beta-lactam
607	OXA-606	OXA-606	WP_109545106.1	carbapenem/cephalosporin/penam	OXA-606	WP_109545106.1	beta-lactam
608	OXA-607	OXA-607	WP_109545102.1	carbapenem/cephalosporin/penam	OXA-607	WP_109545102.1	beta-lactam
609	OXA-608	OXA-608	WP_109545087.1	carbapenem/cephalosporin/penam	OXA-608	WP_109545087.1	beta-lactam
610	OXA-609	OXA-609	WP_052798312.1	carbapenem/cephalosporin/penam	OXA-609	WP_052798312.1	beta-lactam
611	OXA-610	OXA-610	WP_109545099.1	carbapenem/cephalosporin/penam	OXA-610	WP_109545099.1	beta-lactam
612	OXA-611	OXA-611	WP_052788483.1	carbapenem/cephalosporin/penam	OXA-611	WP_052788483.1	beta-lactam
613	OXA-612	OXA-612	WP_109545100.1	carbapenem/cephalosporin/penam	OXA-612	WP_109545100.1	beta-lactam
614	OXA-613	OXA-613	WP_109545111.1	carbapenem/cephalosporin/penam	OXA-613	WP_109545111.1	beta-lactam
615	OXA-614	OXA-614	WP_070233680.1	carbapenem/cephalosporin/penam	OXA-614	WP_070233680.1	beta-lactam
616	OXA-615	OXA-615	WP_109545115.1	carbapenem/cephalosporin/penam	OXA-615	WP_109545115.1	beta-lactam
617	OXA-616	OXA-616	WP_109545110.1	carbapenem/cephalosporin/penam	OXA-616	WP_109545110.1	beta-lactam
618	OXA-617	OXA-617	WP_109545114.1	carbapenem/cephalosporin/penam	OXA-617	WP_109545114.1	beta-lactam
619	OXA-618	OXA-618	WP_109545113.1	carbapenem/cephalosporin/penam	OXA-618	WP_109545113.1	beta-lactam
620	OXA-619	OXA-619	WP_109545075.1	carbapenem/cephalosporin/penam	OXA-619	WP_109545075.1	beta-lactam
621	OXA-620	OXA-620	WP_109545076.1	carbapenem/cephalosporin/penam	OXA-620	WP_109545076.1	beta-lactam
622	OXA-621	OXA-621	WP_109545116.1	carbapenem/cephalosporin/penam	OXA-621	WP_109545116.1	beta-lactam
623	OXA-622	OXA-622	WP_109545112.1	carbapenem/cephalosporin/penam	OXA-622	WP_109545112.1	beta-lactam
624	OXA-623	OXA-623	WP_002936877.1	carbapenem/cephalosporin/penam	OXA-623	WP_002936877.1	beta-lactam
625	OXA-624	OXA-624	WP_088303859.1	carbapenem/cephalosporin/penam	OXA-624	WP_088303859.1	beta-lactam
626	OXA-625	OXA-625	WP_052794776.1	carbapenem/cephalosporin/penam	OXA-625	WP_052794776.1	beta-lactam
627	OXA-626	OXA-626	WP_109545080.1	carbapenem/cephalosporin/penam	OXA-626	WP_109545080.1	beta-lactam
628	OXA-627	OXA-627	WP_109545081.1	carbapenem/cephalosporin/penam	OXA-627	WP_109545081.1	beta-lactam
629	OXA-628	OXA-628	WP_109545083.1	carbapenem/cephalosporin/penam	OXA-628	WP_109545083.1	beta-lactam
630	OXA-629	OXA-629	WP_057036510.1	carbapenem/cephalosporin/penam	OXA-629	WP_057036510.1	beta-lactam
631	OXA-630	OXA-630	WP_109545085.1	carbapenem/cephalosporin/penam	OXA-630	WP_109545085.1	beta-lactam
632	OXA-631	OXA-631	WP_109545079.1	carbapenem/cephalosporin/penam	OXA-631	WP_109545079.1	beta-lactam
633	OXA-632	OXA-632	WP_109545086.1	carbapenem/cephalosporin/penam	OXA-632	WP_109545086.1	beta-lactam
634	OXA-633	OXA-633	WP_109545082.1	carbapenem/cephalosporin/penam	OXA-633	WP_109545082.1	beta-lactam
635	OXA-634	OXA-634	WP_109545084.1	carbapenem/cephalosporin/penam	OXA-634	WP_109545084.1	beta-lactam
636	OXA-635	OXA-635	WP_109545078.1	carbapenem/cephalosporin/penam	OXA-635	WP_109545078.1	beta-lactam
637	OXA-636	OXA-636	WP_109545077.1	carbapenem/cephalosporin/penam	OXA-636	WP_109545077.1	beta-lactam
638	OXA-637	OXA-637	WP_052858477.1	carbapenem/cephalosporin/penam	OXA-637	WP_052858477.1	beta-lactam
639	OXA-638	OXA-638	WP_044779552.1	carbapenem/cephalosporin/penam	OXA-638	WP_044779552.1	beta-lactam
640	OXA-639	OXA-639	WP_053872444.1	carbapenem/cephalosporin/penam	OXA-639	WP_053872444.1	beta-lactam
641	OXA-640	OXA-640	WP_109545109.1	carbapenem/cephalosporin/penam	OXA-640	WP_109545109.1	beta-lactam
642	OXA-642	OXA-642	WP_014206564.1	carbapenem/cephalosporin/penam	OXA-642	WP_014206564.1	carbapenem
643	OXA-643	OXA-643	WP_140423312.1	carbapenem/cephalosporin/penam	OXA-643	WP_140423312.1	beta-lactam
644	OXA-644	OXA-644	WP_140423313.1	carbapenem/cephalosporin/penam	OXA-644	WP_140423313.1	beta-lactam
645	OXA-645	OXA-645	WP_140423314.1	carbapenem/cephalosporin/penam	OXA-645	WP_140423314.1	beta-lactam
646	OXA-650	OXA-650	WP_140423317.1	carbapenem/cephalosporin/penam	OXA-650	WP_140423317.1	beta-lactam
647	OXA-651	OXA-651	WP_058870660.1	carbapenem/cephalosporin/penam	OXA-651	WP_058870660.1	carbapenem
648	OXA-652	OXA-652	WP_058951457.1	carbapenem/cephalosporin/penam	OXA-652	WP_058951457.1	carbapenem
649	OXA-654	OXA-654	WP_109791216.1	carbapenem/cephalosporin/penam	OXA-654	WP_109791216.1	carbapenem
650	OXA-655	OXA-655	WP_122630842.1	carbapenem/cephalosporin/penam	OXA-655	WP_122630842.1	beta-lactam
651	OXA-656	OXA-656	WP_122630843.1	carbapenem/cephalosporin/penam	OXA-656	WP_122630843.1	beta-lactam
652	OXA-657	OXA-657	WP_111672907.1	carbapenem/cephalosporin/penam	OXA-657	WP_111672907.1	carbapenem
653	OXA-658	OXA-658	WP_070210118.1	carbapenem/cephalosporin/penam	OXA-658	WP_070210118.1	beta-lactam
654	OXA-659	OXA-659	WP_114699276.1	carbapenem/cephalosporin/penam	OXA-659	WP_114699276.1	beta-lactam
655	OXA-660	OXA-660	WP_114699279.1	carbapenem/cephalosporin/penam	OXA-660	WP_114699279.1	beta-lactam
656	OXA-661	OXA-661	WP_114699273.1	carbapenem/cephalosporin/penam	OXA-661	WP_114699273.1	beta-lactam
657	OXA-662	OXA-662	WP_114699274.1	carbapenem/cephalosporin/penam	OXA-662	WP_114699274.1	carbapenem
658	OXA-666	OXA-666	WP_092689909.1	carbapenem/cephalosporin/penam	OXA-666	WP_092689909.1	beta-lactam
659	OXA-667	OXA-667	WP_096735335.1	carbapenem/cephalosporin/penam	OXA-667	WP_096735335.1	carbapenem
660	OXA-669	OXA-669	WP_056517622.1	carbapenem/cephalosporin/penam	OXA-669	WP_056517622.1	carbapenem
661	OXA-670	OXA-670	WP_016651348.1	carbapenem/cephalosporin/penam	OXA-670	WP_016651348.1	carbapenem
662	OXA-674	OXA-674	WP_081406929.1	carbapenem/cephalosporin/penam	OXA-674	WP_081406929.1	carbapenem
663	OXA-675	OXA-675	WP_122630857.1	carbapenem/cephalosporin/penam	OXA-675	WP_122630857.1	beta-lactam
664	OXA-676	OXA-676	WP_122630858.1	carbapenem/cephalosporin/penam	OXA-676	WP_122630858.1	cephalosporin
665	OXA-677	OXA-677	WP_122630859.1	carbapenem/cephalosporin/penam	OXA-677	WP_122630859.1	beta-lactam
666	OXA-678	OXA-678	WP_122630860.1	carbapenem/cephalosporin/penam	OXA-678	WP_122630860.1	beta-lactam
667	OXA-679	OXA-679	WP_122634439.1	carbapenem/cephalosporin/penam	OXA-679	WP_122634439.1	carbapenem
668	OXA-680	OXA-680	WP_122630864.1	carbapenem/cephalosporin/penam	OXA-680	WP_122630864.1	beta-lactam
669	OXA-682	OXA-682	WP_122630884.1	carbapenem/cephalosporin/penam	OXA-682	WP_122630884.1	beta-lactam
670	OXA-683	OXA-683	WP_122630885.1	carbapenem/cephalosporin/penam	OXA-683	WP_122630885.1	beta-lactam
671	OXA-684	OXA-684	WP_122630886.1	carbapenem/cephalosporin/penam	OXA-684	WP_122630886.1	beta-lactam
672	OXA-685	OXA-685	WP_122630887.1	carbapenem/cephalosporin/penam	OXA-685	WP_122630887.1	beta-lactam
673	OXA-686	OXA-686	WP_122630888.1	carbapenem/cephalosporin/penam	OXA-686	WP_122630888.1	beta-lactam
674	OXA-687	OXA-687	WP_122630889.1	carbapenem/cephalosporin/penam	OXA-687	WP_122630889.1	beta-lactam
675	OXA-688	OXA-688	WP_122630890.1	carbapenem/cephalosporin/penam	OXA-688	WP_122630890.1	beta-lactam
676	OXA-689	OXA-689	WP_122630891.1	carbapenem/cephalosporin/penam	OXA-689	WP_122630891.1	beta-lactam
677	OXA-690	OXA-690	WP_122630892.1	carbapenem/cephalosporin/penam	OXA-690	WP_122630892.1	beta-lactam
678	OXA-691	OXA-691	WP_122630893.1	carbapenem/cephalosporin/penam	OXA-691	WP_122630893.1	beta-lactam
679	OXA-692	OXA-692	WP_122630894.1	carbapenem/cephalosporin/penam	OXA-692	WP_122630894.1	beta-lactam
680	OXA-693	OXA-693	WP_122630895.1	carbapenem/cephalosporin/penam	OXA-693	WP_122630895.1	beta-lactam
681	OXA-694	OXA-694	WP_122630896.1	carbapenem/cephalosporin/penam	OXA-694	WP_122630896.1	beta-lactam
682	OXA-695	OXA-695	WP_122630897.1	carbapenem/cephalosporin/penam	OXA-695	WP_122630897.1	beta-lactam
683	OXA-696	OXA-696	WP_122630898.1	carbapenem/cephalosporin/penam	OXA-696	WP_122630898.1	beta-lactam
684	OXA-697	OXA-697	WP_122630899.1	carbapenem/cephalosporin/penam	OXA-697	WP_122630899.1	beta-lactam
685	OXA-698	OXA-698	WP_122630900.1	carbapenem/cephalosporin/penam	OXA-698	WP_122630900.1	beta-lactam
686	OXA-699	OXA-699	WP_122630901.1	carbapenem/cephalosporin/penam	OXA-699	WP_122630901.1	beta-lactam
687	OXA-700	OXA-700	WP_122630902.1	carbapenem/cephalosporin/penam	OXA-700	WP_122630902.1	beta-lactam
688	OXA-701	OXA-701	WP_122630903.1	carbapenem/cephalosporin/penam	OXA-701	WP_122630903.1	beta-lactam
689	OXA-702	OXA-702	WP_122630904.1	carbapenem/cephalosporin/penam	OXA-702	WP_122630904.1	beta-lactam
690	OXA-703	OXA-703	WP_122630905.1	carbapenem/cephalosporin/penam	OXA-703	WP_122630905.1	beta-lactam
691	OXA-704	OXA-704	WP_122630906.1	carbapenem/cephalosporin/penam	OXA-704	WP_122630906.1	beta-lactam
692	OXA-705	OXA-705	WP_122630907.1	carbapenem/cephalosporin/penam	OXA-705	WP_122630907.1	beta-lactam
693	OXA-706	OXA-706	WP_122630908.1	carbapenem/cephalosporin/penam	OXA-706	WP_122630908.1	beta-lactam
694	OXA-707	OXA-707	WP_122630909.1	carbapenem/cephalosporin/penam	OXA-707	WP_122630909.1	beta-lactam
695	OXA-708	OXA-708	WP_122630916.1	carbapenem/cephalosporin/penam	OXA-708	WP_122630916.1	beta-lactam
696	OXA-709	OXA-709	WP_122630917.1	carbapenem/cephalosporin/penam	OXA-709	WP_122630917.1	beta-lactam
697	OXA-710	OXA-710	WP_122630918.1	carbapenem/cephalosporin/penam	OXA-710	WP_122630918.1	beta-lactam
698	OXA-711	OXA-711	WP_122630919.1	carbapenem/cephalosporin/penam	OXA-711	WP_122630919.1	beta-lactam
699	OXA-712	OXA-712	WP_122630920.1	carbapenem/cephalosporin/penam	OXA-712	WP_122630920.1	beta-lactam
700	OXA-713	OXA-713	WP_122630921.1	carbapenem/cephalosporin/penam	OXA-713	WP_122630921.1	beta-lactam
701	OXA-714	OXA-714	WP_122630922.1	carbapenem/cephalosporin/penam	OXA-714	WP_122630922.1	beta-lactam
702	OXA-715	OXA-715	WP_016685888.1	carbapenem/cephalosporin/penam	OXA-715	WP_016685888.1	beta-lactam
703	OXA-716	OXA-716	WP_031998610.1	carbapenem/cephalosporin/penam	OXA-716	WP_031998610.1	beta-lactam
704	OXA-717	OXA-717	WP_032018141.1	carbapenem/cephalosporin/penam	OXA-717	WP_032018141.1	beta-lactam
705	OXA-718	OXA-718	WP_122630910.1	carbapenem/cephalosporin/penam	OXA-718	WP_122630910.1	beta-lactam
706	OXA-719	OXA-719	WP_122630911.1	carbapenem/cephalosporin/penam	OXA-719	WP_122630911.1	beta-lactam
707	OXA-720	OXA-720	WP_122630912.1	carbapenem/cephalosporin/penam	OXA-720	WP_122630912.1	beta-lactam
708	OXA-721	OXA-721	WP_122630913.1	carbapenem/cephalosporin/penam	OXA-721	WP_122630913.1	beta-lactam
709	OXA-722	OXA-722	WP_122630914.1	carbapenem/cephalosporin/penam	OXA-722	WP_122630914.1	beta-lactam
710	OXA-723	OXA-723	WP_122630915.1	carbapenem/cephalosporin/penam	OXA-723	WP_122630915.1	beta-lactam
711	OXA-726	OXA-726	WP_101150415.1	carbapenem/cephalosporin/penam	OXA-726	WP_101150415.1	beta-lactam
712	OXA-727	OXA-727	WP_114272532.1	carbapenem/cephalosporin/penam	OXA-727	WP_114272532.1	beta-lactam
713	OXA-728	OXA-728	WP_116786835.1	carbapenem/cephalosporin/penam	OXA-728	WP_116786835.1	beta-lactam
714	OXA-729	OXA-729	WP_114699266.1	carbapenem/cephalosporin/penam	OXA-729	WP_114699266.1	beta-lactam
715	OXA-730	OXA-730	WP_116786836.1	carbapenem/cephalosporin/penam	OXA-730	WP_116786836.1	carbapenem
716	OXA-731	OXA-731	WP_116786833.1	carbapenem/cephalosporin/penam	OXA-731	WP_116786833.1	beta-lactam
717	OXA-732	OXA-732	WP_072678505.1	carbapenem/cephalosporin/penam	OXA-732	WP_072678505.1	beta-lactam
718	OXA-733	OXA-733	WP_122630844.1	carbapenem/cephalosporin/penam	OXA-733	WP_122630844.1	beta-lactam
719	OXA-734	OXA-734	WP_122630853.1	carbapenem/cephalosporin/penam	OXA-734	WP_122630853.1	beta-lactam
720	OXA-735	OXA-735	WP_122630854.1	carbapenem/cephalosporin/penam	OXA-735	WP_122630854.1	beta-lactam
721	OXA-736	OXA-736	WP_122630855.1	carbapenem/cephalosporin/penam	OXA-736	WP_122630855.1	cephalosporin
722	OXA-738	OXA-738	WP_128268238.1	carbapenem/cephalosporin/penam	OXA-738	WP_128268238.1	beta-lactam
723	OXA-739	OXA-739	WP_114225343.1	carbapenem/cephalosporin/penam	OXA-739	WP_114225343.1	beta-lactam
724	OXA-740	OXA-740	WP_128268239.1	carbapenem/cephalosporin/penam	OXA-740	WP_128268239.1	beta-lactam
725	OXA-741	OXA-741	WP_128268240.1	carbapenem/cephalosporin/penam	OXA-741	WP_128268240.1	beta-lactam
726	OXA-742	OXA-742	WP_128268241.1	carbapenem/cephalosporin/penam	OXA-742	WP_128268241.1	beta-lactam
727	OXA-743	OXA-743	WP_128268242.1	carbapenem/cephalosporin/penam	OXA-743	WP_128268242.1	beta-lactam
728	OXA-744	OXA-744	WP_128268243.1	carbapenem/cephalosporin/penam	OXA-744	WP_128268243.1	beta-lactam
729	OXA-745	OXA-745	WP_128268244.1	carbapenem/cephalosporin/penam	OXA-745	WP_128268244.1	beta-lactam
730	OXA-746	OXA-746	WP_128268245.1	carbapenem/cephalosporin/penam	OXA-746	WP_128268245.1	beta-lactam
731	OXA-747	OXA-747	WP_128268246.1	carbapenem/cephalosporin/penam	OXA-747	WP_128268246.1	beta-lactam
732	OXA-748	OXA-748	WP_128268247.1	carbapenem/cephalosporin/penam	OXA-748	WP_128268247.1	beta-lactam
733	OXA-749	OXA-749	WP_128268248.1	carbapenem/cephalosporin/penam	OXA-749	WP_128268248.1	beta-lactam
734	OXA-750	OXA-750	WP_128268249.1	carbapenem/cephalosporin/penam	OXA-750	WP_128268249.1	beta-lactam
735	OXA-751	OXA-751	WP_128268250.1	carbapenem/cephalosporin/penam	OXA-751	WP_128268250.1	beta-lactam
736	OXA-752	OXA-752	WP_128268251.1	carbapenem/cephalosporin/penam	OXA-752	WP_128268251.1	beta-lactam
737	OXA-753	OXA-753	WP_128268252.1	carbapenem/cephalosporin/penam	OXA-753	WP_128268252.1	beta-lactam
738	OXA-754	OXA-754	WP_128268253.1	carbapenem/cephalosporin/penam	OXA-754	WP_128268253.1	beta-lactam
739	OXA-755	OXA-755	WP_128268254.1	carbapenem/cephalosporin/penam	OXA-755	WP_128268254.1	beta-lactam
740	OXA-756	OXA-756	WP_128268255.1	carbapenem/cephalosporin/penam	OXA-756	WP_128268255.1	beta-lactam
741	OXA-757	OXA-757	WP_128268256.1	carbapenem/cephalosporin/penam	OXA-757	WP_128268256.1	beta-lactam
742	OXA-758	OXA-758	WP_128268257.1	carbapenem/cephalosporin/penam	OXA-758	WP_128268257.1	beta-lactam
743	OXA-759	OXA-759	WP_128268258.1	carbapenem/cephalosporin/penam	OXA-759	WP_128268258.1	beta-lactam
744	OXA-760	OXA-760	WP_128268259.1	carbapenem/cephalosporin/penam	OXA-760	WP_128268259.1	beta-lactam
745	OXA-761	OXA-761	WP_128268260.1	carbapenem/cephalosporin/penam	OXA-761	WP_128268260.1	beta-lactam
746	OXA-762	OXA-762	WP_128268261.1	carbapenem/cephalosporin/penam	OXA-762	WP_128268261.1	beta-lactam
747	OXA-763	OXA-763	WP_128268262.1	carbapenem/cephalosporin/penam	OXA-763	WP_128268262.1	beta-lactam
748	OXA-764	OXA-764	WP_128268263.1	carbapenem/cephalosporin/penam	OXA-764	WP_128268263.1	beta-lactam
749	OXA-765	OXA-765	WP_128268264.1	carbapenem/cephalosporin/penam	OXA-765	WP_128268264.1	beta-lactam
750	OXA-766	OXA-766	WP_128268265.1	carbapenem/cephalosporin/penam	OXA-766	WP_128268265.1	beta-lactam
751	OXA-767	OXA-767	WP_128268266.1	carbapenem/cephalosporin/penam	OXA-767	WP_128268266.1	beta-lactam
752	OXA-768	OXA-768	WP_128268267.1	carbapenem/cephalosporin/penam	OXA-768	WP_128268267.1	beta-lactam
753	OXA-769	OXA-769	WP_128268268.1	carbapenem/cephalosporin/penam	OXA-769	WP_128268268.1	beta-lactam
754	OXA-770	OXA-770	WP_128268269.1	carbapenem/cephalosporin/penam	OXA-770	WP_128268269.1	beta-lactam
755	OXA-771	OXA-771	WP_128268270.1	carbapenem/cephalosporin/penam	OXA-771	WP_128268270.1	beta-lactam
756	OXA-772	OXA-772	WP_128268271.1	carbapenem/cephalosporin/penam	OXA-772	WP_128268271.1	beta-lactam
757	OXA-773	OXA-773	WP_128268272.1	carbapenem/cephalosporin/penam	OXA-773	WP_128268272.1	beta-lactam
758	OXA-774	OXA-774	WP_128268273.1	carbapenem/cephalosporin/penam	OXA-774	WP_128268273.1	beta-lactam
759	OXA-775	OXA-775	WP_128268274.1	carbapenem/cephalosporin/penam	OXA-775	WP_128268274.1	beta-lactam
760	OXA-776	OXA-776	WP_128268275.1	carbapenem/cephalosporin/penam	OXA-776	WP_128268275.1	beta-lactam
761	OXA-777	OXA-777	WP_122630923.1	carbapenem/cephalosporin/penam	OXA-777	WP_122630923.1	beta-lactam
762	OXA-778	OXA-778	WP_122630924.1	carbapenem/cephalosporin/penam	OXA-778	WP_122630924.1	beta-lactam
763	OXA-780	OXA-780	WP_049637206.1	carbapenem/cephalosporin/penam	OXA-780	WP_049637206.1	beta-lactam
764	OXA-781	OXA-781	WP_128268276.1	carbapenem/cephalosporin/penam	OXA-781	WP_128268276.1	beta-lactam
765	OXA-782	OXA-782	WP_128268277.1	carbapenem/cephalosporin/penam	OXA-782	WP_128268277.1	beta-lactam
766	OXA-783	OXA-783	WP_128268278.1	carbapenem/cephalosporin/penam	OXA-783	WP_128268278.1	beta-lactam
767	OXA-784	OXA-784	WP_065980086.1	carbapenem/cephalosporin/penam	OXA-784	WP_065980086.1	beta-lactam
768	OXA-785	OXA-785	WP_126205827.1	carbapenem/cephalosporin/penam	OXA-785	WP_126205827.1	beta-lactam
769	OXA-786	OXA-786	WP_128268279.1	carbapenem/cephalosporin/penam	OXA-786	WP_128268279.1	beta-lactam
770	OXA-787	OXA-787	WP_136512083.1	carbapenem/cephalosporin/penam	OXA-787	WP_136512083.1	beta-lactam
771	OXA-788	OXA-788	WP_136512084.1	carbapenem/cephalosporin/penam	OXA-788	WP_136512084.1	beta-lactam
772	OXA-789	OXA-789	WP_054500785.1	carbapenem/cephalosporin/penam	OXA-789	WP_054500785.1	beta-lactam
773	OXA-793	OXA-793	WP_136512085.1	carbapenem/cephalosporin/penam	OXA-793	WP_136512085.1	beta-lactam
774	OXA-794	OXA-794	WP_136512086.1	carbapenem/cephalosporin/penam	OXA-794	WP_136512086.1	beta-lactam
775	OXA-795	OXA-795	WP_136512087.1	carbapenem/cephalosporin/penam	OXA-795	WP_136512087.1	beta-lactam
776	OXA-796	OXA-796	WP_110612827.1	carbapenem/cephalosporin/penam	OXA-796	WP_110612827.1	beta-lactam
777	OXA-797	OXA-797	WP_136512088.1	carbapenem/cephalosporin/penam	OXA-797	WP_136512088.1	beta-lactam
778	OXA-798	OXA-798	WP_136512089.1	carbapenem/cephalosporin/penam	OXA-798	WP_136512089.1	beta-lactam
779	OXA-799	OXA-799	WP_136512090.1	carbapenem/cephalosporin/penam	OXA-799	WP_136512090.1	beta-lactam
780	OXA-800	OXA-800	WP_136512091.1	carbapenem/cephalosporin/penam	OXA-800	WP_136512091.1	beta-lactam
781	OXA-801	OXA-801	WP_136512092.1	carbapenem/cephalosporin/penam	OXA-801	WP_136512092.1	beta-lactam
782	OXA-802	OXA-802	WP_136512093.1	carbapenem/cephalosporin/penam	OXA-802	WP_136512093.1	beta-lactam
783	OXA-803	OXA-803	WP_136512094.1	carbapenem/cephalosporin/penam	OXA-803	WP_136512094.1	beta-lactam
784	OXA-804	OXA-804	WP_136512095.1	carbapenem/cephalosporin/penam	OXA-804	WP_136512095.1	beta-lactam
785	OXA-805	OXA-805	WP_136512096.1	carbapenem/cephalosporin/penam	OXA-805	WP_136512096.1	beta-lactam
786	OXA-806	OXA-806	WP_136512097.1	carbapenem/cephalosporin/penam	OXA-806	WP_136512097.1	carbapenem
787	OXA-807	OXA-807	WP_136512098.1	carbapenem/cephalosporin/penam	OXA-807	WP_136512098.1	carbapenem
788	OXA-808	OXA-808	WP_136512099.1	carbapenem/cephalosporin/penam	OXA-808	WP_136512099.1	carbapenem
789	OXA-809	OXA-809	WP_136512100.1	carbapenem/cephalosporin/penam	OXA-809	WP_136512100.1	carbapenem
790	OXA-810	OXA-810	WP_136512101.1	carbapenem/cephalosporin/penam	OXA-810	WP_136512101.1	carbapenem
791	OXA-811	OXA-811	WP_136512102.1	carbapenem/cephalosporin/penam	OXA-811	WP_136512102.1	carbapenem
792	OXA-813	OXA-813	WP_005404206.1	carbapenem/cephalosporin/penam	OXA-813	WP_005404206.1	carbapenem
793	OXA-814	OXA-814	WP_005405613.1	carbapenem/cephalosporin/penam	OXA-814	WP_005405613.1	carbapenem
794	OXA-815	OXA-815	WP_111280830.1	carbapenem/cephalosporin/penam	OXA-815	WP_111280830.1	carbapenem
795	OXA-816	OXA-816	WP_026444036.1	carbapenem/cephalosporin/penam	OXA-816	WP_026444036.1	carbapenem
796	OXA-817	OXA-817	WP_075040046.1	carbapenem/cephalosporin/penam	OXA-817	WP_075040046.1	carbapenem
797	OXA-819	OXA-819	WP_032053762.1	carbapenem/cephalosporin/penam	OXA-819	WP_032053762.1	beta-lactam
798	OXA-820	OXA-820	WP_032057042.1	carbapenem/cephalosporin/penam	OXA-820	WP_032057042.1	beta-lactam
799	OXA-821	OXA-821	WP_057061999.1	carbapenem/cephalosporin/penam	OXA-821	WP_057061999.1	beta-lactam
800	OXA-822	OXA-822	WP_133973918.1	carbapenem/cephalosporin/penam	OXA-822	WP_133973918.1	beta-lactam
801	OXA-823	OXA-823	WP_136512103.1	carbapenem/cephalosporin/penam	OXA-823	WP_136512103.1	beta-lactam
802	OXA-824	OXA-824	WP_136512104.1	carbapenem/cephalosporin/penam	OXA-824	WP_136512104.1	beta-lactam
803	OXA-826	OXA-826	WP_140423319.1	carbapenem/cephalosporin/penam	OXA-826	WP_140423319.1	beta-lactam
804	OXA-827	OXA-827	WP_140423320.1	carbapenem/cephalosporin/penam	OXA-827	WP_140423320.1	beta-lactam
805	OXA-828	OXA-828	WP_140423321.1	carbapenem/cephalosporin/penam	OXA-828	WP_140423321.1	beta-lactam
806	OXA-829	OXA-829	WP_140423322.1	carbapenem/cephalosporin/penam	OXA-829	WP_140423322.1	beta-lactam
807	OXA-830	OXA-830	WP_152315468.1	carbapenem/cephalosporin/penam	OXA-830	WP_152315468.1	beta-lactam
808	OXA-831	OXA-831	WP_140423323.1	carbapenem/cephalosporin/penam	OXA-831	WP_140423323.1	beta-lactam
809	OXA-832	OXA-832	WP_086264536.1	carbapenem/cephalosporin/penam	OXA-832	WP_086264536.1	beta-lactam
810	OXA-833	OXA-833	WP_140423324.1	carbapenem/cephalosporin/penam	OXA-833	WP_140423324.1	beta-lactam
811	OXA-834	OXA-834	WP_125052736.1	carbapenem/cephalosporin/penam	OXA-834	WP_125052736.1	beta-lactam
812	OXA-836	OXA-836	WP_148044423.1	carbapenem/cephalosporin/penam	OXA-836	WP_148044423.1	beta-lactam
813	OXA-839	OXA-839	WP_150823471.1	carbapenem/cephalosporin/penam	OXA-839	WP_150823471.1	beta-lactam
814	OXA-840	OXA-840	WP_150823472.1	carbapenem/cephalosporin/penam	OXA-840	WP_150823472.1	beta-lactam
815	OXA-841	OXA-841	WP_150823473.1	carbapenem/cephalosporin/penam	OXA-841	WP_150823473.1	beta-lactam
816	OXA-842	OXA-842	WP_087088911.1	carbapenem/cephalosporin/penam	OXA-842	WP_087088911.1	beta-lactam
817	OXA-843	OXA-843	WP_150823474.1	carbapenem/cephalosporin/penam	OXA-843	WP_150823474.1	beta-lactam
818	OXA-844	OXA-844	WP_150823475.1	carbapenem/cephalosporin/penam	OXA-844	WP_150823475.1	beta-lactam
819	OXA-845	OXA-845	WP_150823476.1	carbapenem/cephalosporin/penam	OXA-845	WP_150823476.1	beta-lactam
820	OXA-847	OXA-847	WP_010793618.1	carbapenem/cephalosporin/penam	OXA-847	WP_010793618.1	beta-lactam
821	OXA-848	OXA-848	WP_019485147.1	carbapenem/cephalosporin/penam	OXA-848	WP_019485147.1	beta-lactam
822	OXA-849	OXA-849	WP_150823477.1	carbapenem/cephalosporin/penam	OXA-849	WP_150823477.1	beta-lactam
823	OXA-851	OXA-851	WP_014603442.1	carbapenem/cephalosporin/penam	OXA-851	WP_014603442.1	beta-lactam
824	OXA-852	OXA-852	WP_152315469.1	carbapenem/cephalosporin/penam	OXA-852	WP_152315469.1	beta-lactam
825	OXA-853	OXA-853	WP_114252036.1	carbapenem/cephalosporin/penam	OXA-853	WP_114252036.1	beta-lactam
826	OXA-854	OXA-854	WP_114158997.1	carbapenem/cephalosporin/penam	OXA-854	WP_114158997.1	beta-lactam
827	OXA-855	OXA-855	WP_032061328.1	carbapenem/cephalosporin/penam	OXA-855	WP_032061328.1	beta-lactam
828	OXA-856	OXA-856	WP_001021774.1	carbapenem/cephalosporin/penam	OXA-856	WP_001021774.1	beta-lactam
829	OXA-857	OXA-857	WP_152315470.1	carbapenem/cephalosporin/penam	OXA-857	WP_152315470.1	beta-lactam
830	OXA-858	OXA-858	WP_152315471.1	carbapenem/cephalosporin/penam	OXA-858	WP_152315471.1	beta-lactam
831	OXA-859	OXA-859	WP_152315472.1	carbapenem/cephalosporin/penam	OXA-859	WP_152315472.1	beta-lactam
832	OXA-860	OXA-860	WP_152315473.1	carbapenem/cephalosporin/penam	OXA-860	WP_152315473.1	beta-lactam
833	OXA-861	OXA-861	WP_152315474.1	carbapenem/cephalosporin/penam	OXA-861	WP_152315474.1	beta-lactam
834	OXA-862	OXA-862	WP_152315475.1	carbapenem/cephalosporin/penam	OXA-862	WP_152315475.1	beta-lactam
835	OXA-863	OXA-863	WP_152315476.1	carbapenem/cephalosporin/penam	OXA-863	WP_152315476.1	beta-lactam
836	OXA-864	OXA-864	WP_152315477.1	carbapenem/cephalosporin/penam	OXA-864	WP_152315477.1	beta-lactam
837	OXA-865	OXA-865	WP_152315478.1	carbapenem/cephalosporin/penam	OXA-865	WP_152315478.1	beta-lactam
838	OXA-866	OXA-866	WP_152315479.1	carbapenem/cephalosporin/penam	OXA-866	WP_152315479.1	beta-lactam
839	OXA-867	OXA-867	WP_152315480.1	carbapenem/cephalosporin/penam	OXA-867	WP_152315480.1	beta-lactam
840	OXA-868	OXA-868	WP_152315481.1	carbapenem/cephalosporin/penam	OXA-868	WP_152315481.1	beta-lactam
841	OXA-869	OXA-869	WP_152315482.1	carbapenem/cephalosporin/penam	OXA-869	WP_152315482.1	beta-lactam
842	OXA-870	OXA-870	WP_152315483.1	carbapenem/cephalosporin/penam	OXA-870	WP_152315483.1	beta-lactam
843	OXA-871	OXA-871	WP_152315484.1	carbapenem/cephalosporin/penam	OXA-871	WP_152315484.1	beta-lactam
844	OXA-872	OXA-872	WP_152315485.1	carbapenem/cephalosporin/penam	OXA-872	WP_152315485.1	beta-lactam
845	OXA-873	OXA-873	WP_152315486.1	carbapenem/cephalosporin/penam	OXA-873	WP_152315486.1	beta-lactam
846	OXA-874	OXA-874	WP_152315487.1	carbapenem/cephalosporin/penam	OXA-874	WP_152315487.1	beta-lactam
847	OXA-875	OXA-875	WP_152315488.1	carbapenem/cephalosporin/penam	OXA-875	WP_152315488.1	beta-lactam
848	OXA-876	OXA-876	WP_152315489.1	carbapenem/cephalosporin/penam	OXA-876	WP_152315489.1	beta-lactam
849	OXA-877	OXA-877	WP_152315490.1	carbapenem/cephalosporin/penam	OXA-877	WP_152315490.1	beta-lactam
850	OXA-878	OXA-878	WP_152315491.1	carbapenem/cephalosporin/penam	OXA-878	WP_152315491.1	beta-lactam
851	OXA-879	OXA-879	WP_152315492.1	carbapenem/cephalosporin/penam	OXA-879	WP_152315492.1	beta-lactam
852	OXA-880	OXA-880	WP_152315493.1	carbapenem/cephalosporin/penam	OXA-880	WP_152315493.1	beta-lactam
853	OXA-881	OXA-881	WP_152315494.1	carbapenem/cephalosporin/penam	OXA-881	WP_152315494.1	beta-lactam
854	OXA-882	OXA-882	WP_152315495.1	carbapenem/cephalosporin/penam	OXA-882	WP_152315495.1	beta-lactam
855	OXA-883	OXA-883	WP_152315496.1	carbapenem/cephalosporin/penam	OXA-883	WP_152315496.1	beta-lactam
856	OXA-884	OXA-884	WP_152315497.1	carbapenem/cephalosporin/penam	OXA-884	WP_152315497.1	beta-lactam
857	OXA-885	OXA-885	WP_152315498.1	carbapenem/cephalosporin/penam	OXA-885	WP_152315498.1	beta-lactam
858	OXA-886	OXA-886	WP_152315499.1	carbapenem/cephalosporin/penam	OXA-886	WP_152315499.1	beta-lactam
859	OXA-887	OXA-887	WP_152315500.1	carbapenem/cephalosporin/penam	OXA-887	WP_152315500.1	beta-lactam
860	OXA-888	OXA-888	WP_152315501.1	carbapenem/cephalosporin/penam	OXA-888	WP_152315501.1	beta-lactam
861	OXA-889	OXA-889	WP_152315502.1	carbapenem/cephalosporin/penam	OXA-889	WP_152315502.1	beta-lactam
862	OXA-890	OXA-890	WP_152315503.1	carbapenem/cephalosporin/penam	OXA-890	WP_152315503.1	beta-lactam
863	OXA-891	OXA-891	WP_152315504.1	carbapenem/cephalosporin/penam	OXA-891	WP_152315504.1	beta-lactam
864	OXA-892	OXA-892	WP_152315505.1	carbapenem/cephalosporin/penam	OXA-892	WP_152315505.1	beta-lactam
865	OXA-893	OXA-893	WP_194293137.1	carbapenem/cephalosporin/penam	OXA-893	WP_194293137.1	carbapenem
866	OXA-894	OXA-894	WP_144376393.1	carbapenem/cephalosporin/penam	OXA-894	WP_144376393.1	beta-lactam
867	OXA-896	OXA-896	WP_156404658.1	carbapenem/cephalosporin/penam	OXA-896	WP_156404658.1	beta-lactam
868	OXA-900	OXA-900	WP_178317675.1	carbapenem/cephalosporin/penam	OXA-900	WP_178317675.1	carbapenem
869	OXA-901	OXA-901	WP_031757092.1	carbapenem/cephalosporin/penam	OXA-901	WP_031757092.1	beta-lactam
870	OXA-902	OXA-902	WP_024916334.1	carbapenem/cephalosporin/penam	OXA-902	WP_024916334.1	beta-lactam
871	OXA-903	OXA-903	WP_164461291.1	carbapenem/cephalosporin/penam	OXA-903	WP_164461291.1	beta-lactam
872	OXA-904	OXA-904	WP_003122322.1	carbapenem/cephalosporin/penam	OXA-904	WP_003122322.1	beta-lactam
873	OXA-905	OXA-905	WP_003161096.1	carbapenem/cephalosporin/penam	OXA-905	WP_003161096.1	beta-lactam
874	OXA-907	OXA-907	WP_164461292.1	carbapenem/cephalosporin/penam	OXA-907	WP_164461292.1	beta-lactam
875	OXA-908	OXA-908	WP_031694184.1	carbapenem/cephalosporin/penam	OXA-908	WP_031694184.1	beta-lactam
876	OXA-909	OXA-909	WP_162278338.1	carbapenem/cephalosporin/penam	OXA-909	WP_162278338.1	beta-lactam
877	OXA-910	OXA-910	WP_162280230.1	carbapenem/cephalosporin/penam	OXA-910	WP_162280230.1	beta-lactam
878	OXA-911	OXA-911	WP_168247884.1	carbapenem/cephalosporin/penam	OXA-911	WP_168247884.1	carbapenem
879	OXA-912	OXA-912	WP_040068451.1	carbapenem/cephalosporin/penam	OXA-912	WP_040068451.1	beta-lactam
880	OXA-913	OXA-913	WP_031691948.1	carbapenem/cephalosporin/penam	OXA-913	WP_031691948.1	beta-lactam
881	OXA-914	OXA-914	WP_023132404.1	carbapenem/cephalosporin/penam	OXA-914	WP_023132404.1	beta-lactam
882	OXA-916	OXA-916	WP_171476790.1	carbapenem/cephalosporin/penam	OXA-916	WP_171476790.1	beta-lactam
883	OXA-917	OXA-917	WP_161507793.1	carbapenem/cephalosporin/penam	OXA-917	WP_161507793.1	carbapenem
884	OXA-918	OXA-918	WP_179284333.1	carbapenem/cephalosporin/penam	OXA-918	WP_179284333.1	beta-lactam
885	OXA-919	OXA-919	WP_007879679.1	carbapenem/cephalosporin/penam	OXA-919	WP_007879679.1	beta-lactam
886	OXA-920	OXA-920	WP_179284336.1	carbapenem/cephalosporin/penam	OXA-920	WP_179284336.1	beta-lactam
887	OXA-921	OXA-921	WP_179284339.1	carbapenem/cephalosporin/penam	OXA-921	WP_179284339.1	beta-lactam
888	OXA-922	OXA-922	WP_188331876.1	carbapenem/cephalosporin/penam	OXA-922	WP_188331876.1	beta-lactam
889	OXA-923	OXA-923	WP_179284342.1	carbapenem/cephalosporin/penam	OXA-923	WP_179284342.1	beta-lactam
890	OXA-924	OXA-924	WP_179284345.1	carbapenem/cephalosporin/penam	OXA-924	WP_179284345.1	beta-lactam
891	OXA-925	OXA-925	WP_100507493.1	carbapenem/cephalosporin/penam	OXA-925	WP_100507493.1	beta-lactam
892	OXA-927	OXA-927	WP_047480628.1	carbapenem/cephalosporin/penam	OXA-927	WP_047480628.1	beta-lactam
893	OXA-928	OXA-928	WP_188331877.1	carbapenem/cephalosporin/penam	OXA-928	WP_188331877.1	beta-lactam
894	OXA-929	OXA-929	WP_188331878.1	carbapenem/cephalosporin/penam	OXA-929	WP_188331878.1	beta-lactam
895	OXA-932	OXA-932	WP_121331722.1	carbapenem/cephalosporin/penam	OXA-932	WP_121331722.1	beta-lactam
896	OXA-935	OXA-935	WP_141989064.1	carbapenem/cephalosporin/penam	OXA-935	WP_141989064.1	cephalosporin
897	OXA-937	OXA-937	WP_034081711.1	carbapenem/cephalosporin/penam	OXA-937	WP_034081711.1	beta-lactam
898	OXA-938	OXA-938	WP_086263559.1	carbapenem/cephalosporin/penam	OXA-938	WP_086263559.1	beta-lactam
899	OXA-939	OXA-939	WP_086261538.1	carbapenem/cephalosporin/penam	OXA-939	WP_086261538.1	beta-lactam
900	OXA-940	OXA-940	WP_086442870.1	carbapenem/cephalosporin/penam	OXA-940	WP_086442870.1	beta-lactam
901	OXA-941	OXA-941	WP_086395021.1	carbapenem/cephalosporin/penam	OXA-941	WP_086395021.1	beta-lactam
902	OXA-942	OXA-942	WP_078225401.1	carbapenem/cephalosporin/penam	OXA-942	WP_078225401.1	beta-lactam
903	OXA-943	OXA-943	WP_086398931.1	carbapenem/cephalosporin/penam	OXA-943	WP_086398931.1	beta-lactam
904	OXA-945	OXA-945	WP_204376235.1	carbapenem/cephalosporin/penam	OXA-945	WP_204376235.1	beta-lactam
905	OXA-946	OXA-946	WP_204376236.1	carbapenem/cephalosporin/penam	OXA-946	WP_204376236.1	carbapenem
906	OXA-947	OXA-947	WP_204376237.1	carbapenem/cephalosporin/penam	OXA-947	WP_204376237.1	carbapenem
907	OXA-948	OXA-948	WP_204376238.1	carbapenem/cephalosporin/penam	OXA-948	WP_204376238.1	carbapenem
908	OXA-949	OXA-949	WP_204376239.1	carbapenem/cephalosporin/penam	OXA-949	WP_204376239.1	carbapenem
909	OXA-289	OXA-289	WP_081400730.1	carbapenem/cephalosporin/penam	OXA-289	WP_081400730.1	beta-lactam
910	OXA-290	OXA-290	ENU29139.1	carbapenem/cephalosporin/penam	OXA	WP_081398973.1	beta-lactam
911	OXA-647	OXA-647	WP_140423315.1	carbapenem/cephalosporin/penam	OXA-647	WP_140423315.1	carbapenem
